1, -1.943765 
2, -1.968736 
3, -1.873715 
4, -1.964627 
5, -1.850571 
6, -1.948838 
7, -1.869512 
8, -1.970929 
9, -1.920154 
10, -1.985520 
11, -1.947390 
12, -1.912228 
13, -1.918166 
14, -1.836244 
15, -1.753376 
16, -1.918313 
17, -1.948383 
18, -1.824462 
19, -1.957337 
20, -1.915854 
21, -1.920296 
22, -1.945249 
23, -1.908253 
24, -1.890214 
25, -1.941401 
26, -1.965630 
27, -1.821229 
28, -1.941442 
29, -1.929731 
30, -1.977689 
31, -1.794012 
32, -1.897905 
33, -1.891538 
34, -1.956878 
35, -1.947122 
36, -1.838308 
37, -1.944688 
38, -1.865056 
39, -1.965595 
40, -1.894400 
41, -1.920127 
42, -1.962456 
43, -1.997573 
44, -1.984919 
45, -1.880146 
46, -1.936303 
47, -1.935904 
48, -1.908513 
49, -1.981303 
50, -1.833977 
51, -1.872033 
52, -1.831189 
53, -1.834875 
54, -1.823074 
55, -1.838721 
56, -1.823595 
57, -1.831186 
58, -1.894588 
59, -1.839570 
60, -1.961727 
61, -1.909275 
62, -2.057784 
63, -1.916380 
64, -1.883958 
65, -1.921534 
66, -1.939466 
67, -1.877568 
68, -1.931190 
69, -2.002080 
70, -1.881278 
71, -1.968394 
72, -1.907204 
73, -1.915920 
74, -1.760417 
75, -1.916733 
76, -2.031823 
77, -1.885640 
78, -1.870965 
79, -1.770794 
80, -1.962829 
81, -1.865682 
82, -1.956155 
83, -1.928629 
84, -1.907165 
85, -2.019542 
86, -1.941024 
87, -1.890768 
88, -1.944703 
89, -1.877162 
90, -1.963349 
91, -1.926596 
92, -1.910817 
93, -1.973510 
94, -1.944729 
95, -1.960534 
96, -1.893472 
97, -1.956023 
98, -1.957875 
99, -1.944720 
100, -1.876598 
101, -1.932424 
102, -1.954687 
103, -1.808336 
104, -1.786882 
105, -1.942961 
106, -1.928998 
107, -1.764555 
108, -1.942631 
109, -1.889006 
110, -1.948983 
111, -1.830997 
112, -1.870252 
113, -2.026552 
114, -1.900406 
115, -1.966144 
116, -1.907923 
117, -1.898346 
118, -2.008400 
119, -1.834338 
120, -1.779294 
121, -1.964333 
122, -1.965023 
123, -1.956302 
124, -1.939770 
125, -1.900892 
126, -1.892916 
127, -1.948219 
128, -1.879074 
129, -1.937143 
130, -1.826033 
131, -1.915613 
132, -1.930992 
133, -1.946753 
134, -1.918977 
135, -1.871366 
136, -1.874220 
137, -1.915250 
138, -1.768888 
139, -1.841541 
140, -1.847355 
141, -1.887446 
142, -1.929046 
143, -1.888206 
144, -1.914756 
145, -2.058991 
146, -2.185346 
147, -1.834817 
148, -1.839227 
149, -1.898489 
150, -1.931915 
151, -1.847770 
152, -1.902371 
153, -1.941184 
154, -1.962467 
155, -1.829665 
156, -1.866022 
157, -1.991107 
158, -1.962629 
159, -1.892906 
160, -1.954341 
161, -1.772925 
162, -1.848751 
163, -1.804091 
164, -1.891584 
165, -2.000144 
166, -1.796174 
167, -2.020046 
168, -1.923549 
169, -2.049507 
170, -1.973577 
171, -1.855803 
172, -1.995385 
173, -1.960470 
174, -1.943497 
175, -1.857937 
176, -1.853674 
177, -1.849278 
178, -1.922789 
179, -1.856510 
180, -1.862403 
181, -2.040981 
182, -1.903429 
183, -2.047790 
184, -1.858487 
185, -1.902059 
186, -1.978859 
187, -1.929818 
188, -1.925805 
189, -1.906212 
190, -1.880527 
191, -1.926794 
192, -1.946790 
193, -1.763603 
194, -1.878647 
195, -1.832874 
196, -2.032734 
197, -2.037582 
198, -1.794584 
199, -1.900561 
200, -1.868907 
201, -1.835089 
202, -1.971640 
203, -1.938183 
204, -1.988351 
205, -2.166170 
206, -1.914372 
207, -1.998998 
208, -1.876359 
209, -1.885884 
210, -1.872077 
211, -2.037004 
212, -1.921893 
213, -1.926600 
214, -1.927788 
215, -1.933892 
216, -1.821917 
217, -1.940423 
218, -1.899840 
219, -1.896616 
220, -2.054800 
221, -1.914930 
222, -1.954614 
223, -1.941044 
224, -1.974697 
225, -1.890039 
226, -1.874256 
227, -1.720317 
228, -1.932204 
229, -1.922836 
230, -1.661145 
231, -1.958935 
232, -1.993785 
233, -1.802057 
234, -1.920895 
235, -1.875586 
236, -1.885184 
237, -1.868237 
238, -1.927376 
239, -1.920365 
240, -1.806681 
241, -1.922922 
242, -2.214539 
243, -1.971254 
244, -1.827118 
245, -1.878418 
246, -1.923330 
247, -1.925894 
248, -1.824411 
249, -1.990217 
250, -2.046737 
251, -2.011247 
252, -1.963863 
253, -1.884169 
254, -1.833495 
255, -2.001068 
256, -1.906439 
257, -1.891587 
258, -1.892027 
259, -2.204048 
260, -1.957609 
261, -1.814150 
262, -1.960804 
263, -2.062195 
264, -1.981732 
265, -1.899412 
266, -1.921510 
267, -1.891460 
268, -1.898641 
269, -1.843195 
270, -1.945987 
271, -1.986590 
272, -2.026040 
273, -1.912185 
274, -1.683693 
275, -1.933482 
276, -1.984588 
277, -1.944136 
278, -1.936633 
279, -1.940803 
280, -1.938317 
281, -2.014718 
282, -2.095702 
283, -1.956675 
284, -1.774184 
285, -2.008394 
286, -1.931523 
287, -1.923325 
288, -1.825340 
289, -1.957532 
290, -1.911377 
291, -2.017801 
292, -1.865144 
293, -1.915680 
294, -1.932073 
295, -1.854672 
296, -1.838757 
297, -1.944518 
298, -2.016073 
299, -1.815907 
300, -1.869399 
301, -1.902891 
302, -1.888494 
303, -1.894664 
304, -1.928824 
305, -1.964441 
306, -2.065375 
307, -1.957416 
308, -1.978561 
309, -2.021553 
310, -1.888511 
311, -1.960086 
312, -1.933456 
313, -1.944497 
314, -1.902834 
315, -1.830691 
316, -1.887253 
317, -1.858769 
318, -1.917505 
319, -1.849753 
320, -1.788133 
321, -1.966107 
322, -1.847175 
323, -1.881909 
324, -1.922470 
325, -1.886555 
326, -2.031010 
327, -1.877455 
328, -1.969708 
329, -1.816212 
330, -1.914135 
331, -1.842997 
332, -1.887142 
333, -1.836641 
334, -1.993081 
335, -1.995468 
336, -1.837073 
337, -1.802632 
338, -1.907970 
339, -1.965413 
340, -1.885583 
341, -1.817489 
342, -1.913067 
343, -1.936950 
344, -2.038600 
345, -1.843179 
346, -1.874191 
347, -1.885265 
348, -1.957650 
349, -1.910802 
350, -1.924149 
351, -1.962957 
352, -1.812668 
353, -1.876181 
354, -1.877925 
355, -1.961274 
356, -1.938691 
357, -1.786594 
358, -1.838272 
359, -1.947100 
360, -1.867681 
361, -1.807069 
362, -1.915107 
363, -2.013220 
364, -1.945739 
365, -1.898834 
366, -2.012934 
367, -1.850891 
368, -1.861306 
369, -1.942690 
370, -1.964022 
371, -1.803663 
372, -1.931529 
373, -1.924428 
374, -1.838985 
375, -1.839686 
376, -1.932686 
377, -1.963072 
378, -1.970706 
379, -1.934843 
380, -1.981711 
381, -1.845897 
382, -1.900709 
383, -1.859542 
384, -1.946607 
385, -1.936532 
386, -1.986600 
387, -1.706207 
388, -1.945534 
389, -1.945224 
390, -1.991105 
391, -1.833401 
392, -1.880553 
393, -1.850897 
394, -1.913149 
395, -1.933240 
396, -1.965488 
397, -1.922274 
398, -1.910822 
399, -1.720083 
400, -1.882833 
401, -1.909400 
402, -1.990327 
403, -1.895333 
404, -1.906262 
405, -2.045336 
406, -1.939540 
407, -2.111562 
408, -1.935755 
409, -1.875786 
410, -1.878532 
411, -1.937672 
412, -1.984351 
413, -1.968602 
414, -1.871730 
415, -1.783612 
416, -1.986548 
417, -1.870369 
418, -1.986034 
419, -1.983910 
420, -1.870366 
421, -1.986767 
422, -1.831678 
423, -1.849259 
424, -1.826762 
425, -1.927891 
426, -1.926617 
427, -1.992672 
428, -1.888403 
429, -1.886211 
430, -1.818464 
431, -1.858425 
432, -1.943969 
433, -1.890500 
434, -1.917299 
435, -1.891298 
436, -1.898720 
437, -1.947066 
438, -1.984696 
439, -1.806077 
440, -1.963838 
441, -1.963542 
442, -1.919813 
443, -2.002596 
444, -1.946676 
445, -1.900663 
446, -1.963056 
447, -1.929567 
448, -1.928812 
449, -1.921849 
450, -1.868750 
451, -1.884629 
452, -1.811046 
453, -1.944998 
454, -1.902739 
455, -2.036206 
456, -1.976655 
457, -1.856448 
458, -1.939417 
459, -1.912247 
460, -1.912079 
461, -1.849025 
462, -1.969749 
463, -1.929200 
464, -1.874492 
465, -1.790961 
466, -1.790452 
467, -1.840840 
468, -1.990082 
469, -1.866400 
470, -1.942079 
471, -1.935271 
472, -1.941711 
473, -1.948879 
474, -1.932931 
475, -2.071366 
476, -1.854200 
477, -1.899698 
478, -1.903543 
479, -1.852992 
480, -1.856110 
481, -1.925377 
482, -1.944198 
483, -1.963257 
484, -1.955465 
485, -1.972183 
486, -1.953615 
487, -1.999216 
488, -1.893704 
489, -2.078176 
490, -1.977705 
491, -1.881150 
492, -1.850422 
493, -1.871560 
494, -1.838559 
495, -2.013303 
496, -1.917466 
497, -2.002150 
498, -1.878723 
499, -1.848376 
500, -1.907660 
501, -1.937438 
502, -1.924988 
503, -1.870916 
504, -1.859634 
505, -1.870111 
506, -1.968516 
507, -1.885712 
508, -1.888564 
509, -1.900413 
510, -2.002273 
511, -2.103552 
512, -2.019831 
513, -2.008397 
514, -2.039053 
515, -1.858841 
516, -1.820415 
517, -1.974855 
518, -2.079746 
519, -2.034240 
520, -1.941594 
521, -1.916357 
522, -1.875706 
523, -1.840283 
524, -1.839399 
525, -1.849437 
526, -1.869117 
527, -1.873339 
528, -1.890410 
529, -1.975101 
530, -1.930074 
531, -2.133880 
532, -1.975259 
533, -1.909013 
534, -1.957800 
535, -1.972352 
536, -1.856198 
537, -1.900529 
538, -1.959868 
539, -1.919267 
540, -1.952696 
541, -1.887727 
542, -1.881068 
543, -1.915905 
544, -1.887489 
545, -1.862942 
546, -1.917833 
547, -1.956221 
548, -2.023728 
549, -1.908431 
550, -1.935079 
551, -1.839012 
552, -1.876771 
553, -1.952658 
554, -1.887592 
555, -1.925845 
556, -1.895087 
557, -1.937961 
558, -2.003323 
559, -1.956686 
560, -1.881046 
561, -1.767885 
562, -1.861975 
563, -1.819733 
564, -1.770701 
565, -1.908066 
566, -1.973095 
567, -1.893415 
568, -1.889790 
569, -1.885486 
570, -2.041201 
571, -1.918660 
572, -2.174890 
573, -1.995131 
574, -1.995047 
575, -1.840224 
576, -1.937261 
577, -2.029104 
578, -2.029565 
579, -1.939303 
580, -1.941811 
581, -1.928179 
582, -1.803750 
583, -2.005406 
584, -2.068634 
585, -1.894647 
586, -1.871752 
587, -1.850920 
588, -1.897002 
589, -1.926935 
590, -1.788760 
591, -1.848282 
592, -1.888733 
593, -1.886532 
594, -1.987610 
595, -1.932384 
596, -1.843762 
597, -1.787129 
598, -1.934603 
599, -2.079375 
600, -1.933495 
601, -1.907338 
602, -1.889980 
603, -1.940492 
604, -1.903181 
605, -1.864173 
606, -1.863148 
607, -2.016590 
608, -1.890111 
609, -1.885732 
610, -1.864383 
611, -1.876882 
612, -1.869454 
613, -1.910196 
614, -1.866824 
615, -1.884145 
616, -1.883096 
617, -1.856895 
618, -1.891138 
619, -1.777091 
620, -1.894645 
621, -1.961509 
622, -1.902501 
623, -2.003665 
624, -1.951174 
625, -1.886813 
626, -1.835053 
627, -1.956113 
628, -1.890786 
629, -1.924384 
630, -1.886025 
631, -1.879077 
632, -1.877836 
633, -1.853122 
634, -1.858252 
635, -1.819710 
636, -1.900502 
637, -1.845051 
638, -1.813882 
639, -1.986355 
640, -1.908563 
641, -1.842112 
642, -1.942698 
643, -2.043978 
644, -1.939393 
645, -1.823504 
646, -1.925361 
647, -1.743611 
648, -1.928039 
649, -2.027013 
650, -1.874424 
651, -1.950986 
652, -1.778048 
653, -1.896654 
654, -1.983310 
655, -1.838926 
656, -1.849847 
657, -2.105542 
658, -1.860657 
659, -1.751569 
660, -1.940670 
661, -1.913524 
662, -1.888895 
663, -1.768330 
664, -1.922062 
665, -2.019190 
666, -1.866130 
667, -1.926713 
668, -1.889981 
669, -1.909065 
670, -1.976937 
671, -1.975865 
672, -1.981927 
673, -1.904516 
674, -1.874947 
675, -1.914092 
676, -1.953131 
677, -2.106239 
678, -1.897869 
679, -1.865014 
680, -1.874105 
681, -1.918170 
682, -1.873479 
683, -1.948681 
684, -1.923868 
685, -1.874048 
686, -1.882429 
687, -1.938345 
688, -1.900498 
689, -1.773507 
690, -2.019296 
691, -1.985022 
692, -1.862033 
693, -1.863621 
694, -1.916629 
695, -1.836489 
696, -1.759426 
697, -1.925020 
698, -1.880552 
699, -1.916318 
700, -1.915614 
701, -1.819573 
702, -1.839082 
703, -1.866794 
704, -1.905670 
705, -1.848832 
706, -1.953197 
707, -2.031292 
708, -1.966439 
709, -1.993059 
710, -1.888719 
711, -2.030055 
712, -1.970314 
713, -1.940017 
714, -1.859038 
715, -1.845680 
716, -1.931740 
717, -1.939231 
718, -1.956144 
719, -1.898277 
720, -1.863302 
721, -2.078847 
722, -1.917930 
723, -1.948264 
724, -2.097385 
725, -1.826387 
726, -1.878878 
727, -1.763973 
728, -1.865279 
729, -2.002142 
730, -1.902809 
731, -1.879913 
732, -1.869535 
733, -1.915911 
734, -1.878668 
735, -1.890278 
736, -1.983158 
737, -1.941682 
738, -1.934786 
739, -1.921048 
740, -1.944209 
741, -1.936728 
742, -1.882672 
743, -1.856434 
744, -1.934867 
745, -1.836172 
746, -1.999968 
747, -1.898235 
748, -1.898811 
749, -1.939578 
750, -1.931436 
751, -1.909104 
752, -1.898711 
753, -1.899193 
754, -1.907726 
755, -1.923174 
756, -1.962793 
757, -1.901447 
758, -1.964443 
759, -1.948191 
760, -1.847853 
761, -1.858170 
762, -2.105164 
763, -1.905217 
764, -1.994815 
765, -1.903626 
766, -1.904559 
767, -1.989873 
768, -1.908059 
769, -1.963744 
770, -1.994523 
771, -1.895673 
772, -1.918299 
773, -1.894807 
774, -1.897189 
775, -1.838818 
776, -1.894138 
777, -1.936366 
778, -1.917422 
779, -1.991999 
780, -1.933397 
781, -1.890662 
782, -1.949964 
783, -1.987456 
784, -1.972420 
785, -1.877274 
786, -1.941753 
787, -1.908821 
788, -1.901871 
789, -1.870785 
790, -1.801463 
791, -1.920318 
792, -1.944906 
793, -2.070314 
794, -1.917224 
795, -1.869059 
796, -1.875175 
797, -1.867706 
798, -1.991257 
799, -1.874577 
800, -1.878566 
801, -2.006402 
802, -1.959136 
803, -1.915749 
804, -1.779522 
805, -1.850519 
806, -1.856237 
807, -1.883076 
808, -1.982219 
809, -1.900427 
810, -1.814409 
811, -1.889335 
812, -1.815440 
813, -1.888878 
814, -1.864279 
815, -1.840009 
816, -1.889184 
817, -1.885297 
818, -1.967412 
819, -1.808247 
820, -1.776797 
821, -1.798549 
822, -1.906229 
823, -1.919871 
824, -1.838869 
825, -1.885553 
826, -1.923677 
827, -1.883806 
828, -1.888049 
829, -1.870176 
830, -1.957815 
831, -1.929827 
832, -1.959912 
833, -1.790402 
834, -1.857797 
835, -1.963060 
836, -1.903604 
837, -1.820403 
838, -1.882098 
839, -1.867912 
840, -1.890934 
841, -1.996458 
842, -1.878083 
843, -1.886299 
844, -1.890764 
845, -1.865443 
846, -1.968577 
847, -1.931070 
848, -1.950464 
849, -1.798583 
850, -1.842655 
851, -1.919453 
852, -1.957564 
853, -1.921700 
854, -1.820066 
855, -1.922731 
856, -1.926317 
857, -1.900581 
858, -1.934373 
859, -1.846313 
860, -1.953019 
861, -1.800000 
862, -1.956990 
863, -1.831657 
864, -1.973696 
865, -1.933536 
866, -1.947961 
867, -1.898670 
868, -1.873786 
869, -1.927488 
870, -1.905682 
871, -1.919095 
872, -1.956021 
873, -1.942240 
874, -1.854472 
875, -2.057617 
876, -1.964556 
877, -1.759861 
878, -1.858264 
879, -1.928163 
880, -1.915013 
881, -1.909568 
882, -1.834160 
883, -1.875561 
884, -1.861093 
885, -1.970666 
886, -2.217458 
887, -1.903563 
888, -1.791645 
889, -1.964221 
890, -1.927521 
891, -2.060839 
892, -1.938642 
893, -1.915367 
894, -1.917111 
895, -1.917373 
896, -1.883343 
897, -1.835691 
898, -1.890028 
899, -1.899458 
900, -1.874573 
901, -2.037608 
902, -1.879505 
903, -1.774271 
904, -1.860848 
905, -1.916914 
906, -1.985777 
907, -1.877676 
908, -1.918306 
909, -1.884265 
910, -1.910341 
911, -1.873606 
912, -1.826991 
913, -1.932366 
914, -1.931612 
915, -1.930554 
916, -2.023939 
917, -1.915230 
918, -1.957175 
919, -1.967135 
920, -1.934940 
921, -1.986764 
922, -1.835840 
923, -1.797800 
924, -1.894491 
925, -1.887562 
926, -1.840319 
927, -1.867952 
928, -1.856853 
929, -1.967270 
930, -2.037375 
931, -1.854964 
932, -1.881265 
933, -1.904527 
934, -1.763153 
935, -2.310657 
936, -1.919810 
937, -1.857865 
938, -1.947486 
939, -1.945058 
940, -1.816107 
941, -2.021305 
942, -1.896305 
943, -1.945789 
944, -1.925712 
945, -1.816158 
946, -1.838819 
947, -2.043712 
948, -1.858874 
949, -1.868190 
950, -1.925645 
951, -1.995308 
952, -1.989003 
953, -1.860355 
954, -1.931326 
955, -1.931874 
956, -1.856472 
957, -1.864099 
958, -1.833477 
959, -1.940444 
960, -1.955576 
961, -1.893461 
962, -1.879211 
963, -1.855288 
964, -1.759092 
965, -1.964297 
966, -1.916439 
967, -1.934055 
968, -1.902961 
969, -1.886973 
970, -1.849276 
971, -1.883458 
972, -1.967404 
973, -1.833678 
974, -1.939494 
975, -1.834810 
976, -1.760910 
977, -1.984588 
978, -1.945422 
979, -1.964032 
980, -1.935259 
981, -1.873845 
982, -1.879861 
983, -2.067978 
984, -1.996595 
985, -1.932790 
986, -1.890653 
987, -1.923773 
988, -1.872359 
989, -1.888615 
990, -1.883023 
991, -1.978332 
992, -1.798363 
993, -1.928524 
994, -1.877516 
995, -1.935948 
996, -1.904903 
997, -1.957964 
998, -2.005064 
999, -1.924380 
1000, -1.888787 
1001, -1.966966 
1002, -1.890884 
1003, -1.975172 
1004, -1.968487 
1005, -1.971573 
1006, -1.889455 
1007, -1.875816 
1008, -1.771891 
1009, -1.926913 
1010, -1.937069 
1011, -1.905938 
1012, -1.948304 
1013, -1.878168 
1014, -1.941734 
1015, -1.886862 
1016, -1.751894 
1017, -1.880837 
1018, -1.869878 
1019, -1.973496 
1020, -1.832117 
1021, -1.899139 
1022, -1.919838 
1023, -1.770347 
1024, -1.943456 
1025, -2.076142 
1026, -1.936450 
1027, -1.953273 
1028, -1.812823 
1029, -1.962833 
1030, -1.959561 
1031, -1.919623 
1032, -1.923682 
1033, -1.877531 
1034, -1.897859 
1035, -1.857059 
1036, -1.877863 
1037, -2.063901 
1038, -2.048577 
1039, -1.859092 
1040, -1.988548 
1041, -1.902159 
1042, -1.855249 
1043, -1.845017 
1044, -1.928599 
1045, -2.137773 
1046, -1.907232 
1047, -1.859932 
1048, -1.904169 
1049, -1.931701 
1050, -2.050796 
1051, -1.979209 
1052, -1.946485 
1053, -1.834487 
1054, -1.924779 
1055, -1.934542 
1056, -1.853944 
1057, -1.929230 
1058, -1.862142 
1059, -1.844876 
1060, -1.911073 
1061, -1.840448 
1062, -1.914774 
1063, -1.861094 
1064, -1.887924 
1065, -1.856789 
1066, -1.861041 
1067, -1.873035 
1068, -1.957378 
1069, -1.972388 
1070, -1.950912 
1071, -1.861919 
1072, -1.913346 
1073, -1.896733 
1074, -1.881802 
1075, -1.901466 
1076, -1.842376 
1077, -1.870633 
1078, -1.815329 
1079, -1.886140 
1080, -1.918023 
1081, -1.943243 
1082, -1.940728 
1083, -1.858186 
1084, -1.938079 
1085, -2.021611 
1086, -1.830679 
1087, -1.827758 
1088, -1.867963 
1089, -1.861962 
1090, -1.983574 
1091, -1.881378 
1092, -1.992542 
1093, -1.865248 
1094, -1.908393 
1095, -1.881670 
1096, -1.879458 
1097, -1.975493 
1098, -1.929365 
1099, -1.881729 
1100, -1.941994 
1101, -1.868065 
1102, -1.900480 
1103, -1.943416 
1104, -1.886061 
1105, -1.946204 
1106, -1.884484 
1107, -1.868260 
1108, -1.932189 
1109, -1.813138 
1110, -1.865650 
1111, -1.931409 
1112, -1.912545 
1113, -1.925438 
1114, -1.967981 
1115, -2.033444 
1116, -1.986747 
1117, -1.920344 
1118, -1.944259 
1119, -1.858182 
1120, -1.916945 
1121, -1.910403 
1122, -1.953173 
1123, -1.973177 
1124, -2.104078 
1125, -1.990337 
1126, -2.020682 
1127, -1.931451 
1128, -1.866415 
1129, -1.920718 
1130, -1.874474 
1131, -1.927995 
1132, -2.015691 
1133, -1.943409 
1134, -1.905068 
1135, -1.944114 
1136, -1.908210 
1137, -1.949995 
1138, -1.997279 
1139, -2.011065 
1140, -1.868790 
1141, -1.890674 
1142, -2.029791 
1143, -1.937159 
1144, -1.916562 
1145, -1.979344 
1146, -2.099079 
1147, -1.896481 
1148, -1.908950 
1149, -1.854044 
1150, -1.870687 
1151, -1.862131 
1152, -1.905721 
1153, -1.911906 
1154, -1.923122 
1155, -1.869202 
1156, -2.115106 
1157, -2.064323 
1158, -1.910361 
1159, -1.952163 
1160, -2.053993 
1161, -1.956815 
1162, -1.908571 
1163, -1.818553 
1164, -1.972949 
1165, -2.118666 
1166, -1.924701 
1167, -1.892174 
1168, -1.814808 
1169, -1.896075 
1170, -1.853595 
1171, -1.873691 
1172, -1.930578 
1173, -1.934842 
1174, -1.865532 
1175, -1.804073 
1176, -1.833207 
1177, -1.969887 
1178, -1.895645 
1179, -1.855841 
1180, -1.932881 
1181, -1.925302 
1182, -1.857664 
1183, -2.001634 
1184, -1.761886 
1185, -1.895844 
1186, -1.867240 
1187, -1.874357 
1188, -1.959106 
1189, -1.781284 
1190, -1.898573 
1191, -1.920666 
1192, -1.874270 
1193, -1.987548 
1194, -1.979437 
1195, -2.014990 
1196, -1.920925 
1197, -1.882166 
1198, -1.831930 
1199, -1.978415 
1200, -1.761092 
1, -1.943765, x=34, c=5, x=22, c=4, x=21, c=4, x=29, c=5, x=21, c=3, x=7, c=3, x=20, c=4, x=28, c=3, x=17, c=0, 
2, -1.968736, x=16, c=5, x=2, c=1, x=24, c=3, x=38, c=3, 
3, -1.873715, x=30, c=4, x=32, c=0, x=16, c=0, x=22, c=4, 
4, -1.964627, x=31, c=2, x=18, c=3, x=12, c=5, x=31, c=4, x=10, c=5, 
5, -1.850571, x=5, c=2, x=40, c=5, x=39, c=4, 
6, -1.948838, x=12, c=4, x=18, c=4, x=28, c=1, 
7, -1.869512, x=23, c=1, x=18, c=5, x=14, c=0, x=29, c=3, x=18, c=3, 
8, -1.970929, x=10, c=5, x=1, c=0, x=36, c=4, x=33, c=4, x=1, c=0, x=13, c=1, x=13, c=1, x=15, c=4, 
9, -1.920154, x=38, c=2, x=34, c=5, x=9, c=1, x=8, c=4, 
10, -1.985520, x=15, c=2, x=38, c=4, 
11, -1.947390, x=39, c=1, x=13, c=2, 
12, -1.912228, x=1, c=0, x=21, c=0, x=23, c=3, x=25, c=1, x=25, c=5, x=26, c=4, x=9, c=5, 
13, -1.918166, x=26, c=2, x=13, c=4, x=22, c=1, 
14, -1.836244, x=3, c=5, x=36, c=4, x=5, c=2, 
15, -1.753376, x=38, c=4, x=25, c=4, x=31, c=0, x=20, c=5, x=22, c=5, x=24, c=4, x=20, c=5, x=10, c=3, 
16, -1.918313, x=20, c=2, x=24, c=2, 
17, -1.948383, x=9, c=3, x=14, c=1, x=16, c=0, x=22, c=2, 
18, -1.824462, x=9, c=4, x=21, c=4, x=1, c=0, x=6, c=3, x=16, c=3, x=25, c=4, x=37, c=5, x=4, c=4, 
19, -1.957337, x=14, c=4, x=29, c=2, x=2, c=1, 
20, -1.915854, x=26, c=2, x=13, c=0, x=33, c=3, x=11, c=0, 
21, -1.920296, x=4, c=0, x=23, c=2, x=20, c=0, x=30, c=3, 
22, -1.945249, x=27, c=1, x=38, c=2, 
23, -1.908253, x=8, c=0, x=16, c=0, x=4, c=5, x=37, c=1, 
24, -1.890214, x=8, c=0, x=6, c=5, x=18, c=1, x=40, c=1, 
25, -1.941401, x=27, c=5, x=7, c=1, x=13, c=3, x=13, c=0, x=25, c=4, 
26, -1.965630, x=17, c=1, x=16, c=0, x=33, c=1, 
27, -1.821229, x=22, c=0, x=40, c=0, x=21, c=0, x=39, c=5, x=7, c=1, x=2, c=3, 
28, -1.941442, x=33, c=2, x=32, c=2, x=30, c=3, x=30, c=1, 
29, -1.929731, x=23, c=0, x=25, c=1, x=32, c=3, x=20, c=0, 
30, -1.977689, x=38, c=5, x=38, c=1, x=30, c=2, x=35, c=4, 
31, -1.794012, x=20, c=3, x=3, c=5, x=7, c=0, x=34, c=2, 
32, -1.897905, x=28, c=4, x=22, c=5, x=29, c=2, x=40, c=2, 
33, -1.891538, x=16, c=3, x=18, c=4, x=35, c=2, x=20, c=2, 
34, -1.956878, x=17, c=4, x=38, c=1, x=36, c=2, x=36, c=4, x=33, c=2, 
35, -1.947122, x=20, c=4, x=39, c=2, x=23, c=2, x=9, c=3, 
36, -1.838308, x=13, c=3, x=10, c=4, x=26, c=3, x=11, c=2, 
37, -1.944688, x=8, c=1, x=29, c=1, x=4, c=3, x=18, c=5, 
38, -1.865056, x=16, c=1, x=7, c=1, x=22, c=1, x=6, c=3, 
39, -1.965595, x=27, c=0, x=16, c=4, x=39, c=2, 
40, -1.894400, x=14, c=0, x=26, c=3, x=17, c=3, x=10, c=0, x=2, c=1, x=33, c=5, 
41, -1.920127, x=5, c=3, x=26, c=1, x=7, c=0, x=9, c=1, 
42, -1.962456, x=7, c=4, x=30, c=2, x=33, c=3, x=7, c=4, x=26, c=1, 
43, -1.997573, x=35, c=4, x=37, c=3, x=12, c=1, x=39, c=0, 
44, -1.984919, x=28, c=0, x=36, c=2, x=8, c=5, 
45, -1.880146, x=9, c=5, x=1, c=5, x=2, c=3, x=40, c=1, x=14, c=4, x=24, c=4, x=24, c=4, 
46, -1.936303, x=5, c=4, x=14, c=4, x=5, c=5, 
47, -1.935904, x=32, c=5, x=14, c=0, x=21, c=0, x=39, c=5, x=2, c=3, x=6, c=3, x=37, c=2, 
48, -1.908513, x=40, c=0, x=28, c=4, x=36, c=3, x=35, c=5, x=39, c=4, x=30, c=4, x=20, c=4, 
49, -1.981303, x=7, c=0, x=16, c=0, x=35, c=2, x=32, c=0, x=1, c=3, 
50, -1.833977, x=10, c=5, x=3, c=5, x=37, c=5, x=12, c=4, x=32, c=3, x=18, c=1, 
51, -1.872033, x=23, c=1, x=12, c=0, x=39, c=4, x=13, c=5, x=7, c=0, 
52, -1.831189, x=8, c=2, x=7, c=2, 
53, -1.834875, x=12, c=1, x=22, c=0, x=17, c=3, x=13, c=1, 
54, -1.823074, x=2, c=0, x=34, c=3, x=6, c=5, x=22, c=1, x=14, c=3, 
55, -1.838721, x=2, c=5, x=28, c=0, x=31, c=5, x=31, c=3, 
56, -1.823595, x=20, c=3, x=38, c=3, x=29, c=3, x=20, c=0, x=14, c=1, 
57, -1.831186, x=7, c=0, x=3, c=4, x=40, c=3, x=25, c=4, x=2, c=5, x=7, c=4, 
58, -1.894588, x=19, c=3, x=35, c=2, x=4, c=1, x=3, c=4, 
59, -1.839570, x=9, c=2, x=6, c=4, x=36, c=0, 
60, -1.961727, x=12, c=0, x=20, c=0, x=18, c=3, x=11, c=0, x=22, c=4, x=24, c=2, x=36, c=3, 
61, -1.909275, x=32, c=0, x=34, c=0, x=34, c=4, x=13, c=1, 
62, -2.057784, x=5, c=3, x=24, c=5, x=39, c=3, x=10, c=5, x=1, c=3, x=8, c=1, x=29, c=5, x=27, c=4, x=21, c=4, 
63, -1.916380, x=38, c=5, x=9, c=4, x=7, c=4, x=31, c=5, x=17, c=3, x=16, c=5, 
64, -1.883958, x=21, c=4, x=27, c=5, x=1, c=1, x=14, c=1, x=22, c=3, x=25, c=5, 
65, -1.921534, x=7, c=5, x=24, c=4, x=23, c=0, x=34, c=3, x=27, c=3, x=20, c=3, x=13, c=3, 
66, -1.939466, x=4, c=5, x=5, c=5, x=11, c=4, x=8, c=1, x=35, c=3, 
67, -1.877568, x=34, c=3, x=12, c=0, x=36, c=3, x=7, c=3, x=39, c=0, 
68, -1.931190, x=28, c=0, x=25, c=2, x=20, c=4, x=17, c=4, 
69, -2.002080, x=7, c=1, x=21, c=0, x=27, c=1, x=9, c=5, 
70, -1.881278, x=14, c=5, x=3, c=4, x=36, c=3, x=23, c=1, x=33, c=1, 
71, -1.968394, x=35, c=4, x=25, c=5, x=26, c=4, x=3, c=3, x=34, c=5, x=37, c=4, x=9, c=1, 
72, -1.907204, x=2, c=1, x=18, c=1, x=13, c=1, x=33, c=0, 
73, -1.915920, x=12, c=4, x=2, c=5, x=23, c=5, x=17, c=1, x=9, c=4, x=35, c=4, 
74, -1.760417, x=34, c=2, x=33, c=1, x=5, c=5, 
75, -1.916733, x=8, c=0, x=6, c=5, x=18, c=1, x=40, c=1, 
76, -2.031823, x=10, c=4, x=7, c=3, x=34, c=2, x=30, c=4, x=26, c=2, x=24, c=3, 
77, -1.885640, x=30, c=0, x=20, c=4, x=36, c=2, 
78, -1.870965, x=37, c=5, x=34, c=1, x=36, c=4, x=26, c=2, 
79, -1.770794, x=40, c=1, x=23, c=4, x=25, c=3, x=36, c=4, 
80, -1.962829, x=34, c=4, x=18, c=1, x=36, c=3, x=40, c=1, 
81, -1.865682, x=4, c=3, x=5, c=4, x=23, c=4, x=7, c=2, 
82, -1.956155, x=8, c=1, x=10, c=2, x=7, c=3, x=32, c=5, 
83, -1.928629, x=30, c=1, x=6, c=1, x=39, c=3, x=1, c=5, 
84, -1.907165, x=21, c=3, x=36, c=3, x=29, c=2, x=30, c=0, x=20, c=0, 
85, -2.019542, x=24, c=1, x=23, c=5, x=2, c=4, x=22, c=4, 
86, -1.941024, x=18, c=1, x=13, c=5, x=9, c=1, 
87, -1.890768, x=20, c=0, x=29, c=5, x=2, c=4, x=31, c=2, x=16, c=3, 
88, -1.944703, x=26, c=3, x=1, c=2, x=35, c=0, 
89, -1.877162, x=17, c=1, x=1, c=0, x=19, c=1, 
90, -1.963349, x=16, c=1, x=38, c=3, x=28, c=1, 
91, -1.926596, x=25, c=0, x=20, c=0, x=15, c=0, x=38, c=5, 
92, -1.910817, x=6, c=5, x=37, c=4, x=37, c=2, x=31, c=0, x=29, c=5, x=28, c=3, 
93, -1.973510, x=27, c=0, x=6, c=1, x=19, c=1, 
94, -1.944729, x=38, c=1, x=33, c=3, x=17, c=3, x=6, c=5, x=20, c=3, x=37, c=1, x=38, c=3, x=3, c=3, 
95, -1.960534, x=27, c=5, x=5, c=1, x=2, c=3, x=16, c=4, x=13, c=4, 
96, -1.893472, x=22, c=2, x=13, c=3, x=29, c=4, x=11, c=3, x=40, c=4, 
97, -1.956023, x=37, c=3, x=38, c=3, x=28, c=3, x=25, c=0, x=35, c=2, 
98, -1.957875, x=11, c=0, x=36, c=4, x=4, c=2, x=26, c=5, 
99, -1.944720, x=20, c=1, x=16, c=5, x=37, c=3, x=4, c=5, 
100, -1.876598, x=27, c=2, x=26, c=0, x=2, c=1, x=2, c=1, x=1, c=5, 
101, -1.932424, x=40, c=5, x=33, c=2, x=10, c=4, x=20, c=5, 
102, -1.954687, x=31, c=3, x=37, c=2, x=15, c=0, x=10, c=0, 
103, -1.808336, x=31, c=5, x=11, c=4, x=11, c=4, x=1, c=3, x=36, c=5, x=22, c=4, x=19, c=5, 
104, -1.786882, x=11, c=2, x=24, c=5, x=17, c=3, x=7, c=3, 
105, -1.942961, x=30, c=5, x=23, c=0, x=25, c=5, x=28, c=1, 
106, -1.928998, x=24, c=0, x=25, c=3, x=35, c=2, 
107, -1.764555, x=18, c=1, x=31, c=5, x=35, c=3, x=15, c=3, x=31, c=1, x=6, c=4, x=18, c=5, x=35, c=1, 
108, -1.942631, x=26, c=1, x=21, c=4, x=19, c=5, x=38, c=1, 
109, -1.889006, x=34, c=0, x=24, c=3, x=16, c=1, x=32, c=0, 
110, -1.948983, x=27, c=0, x=5, c=0, x=7, c=1, x=40, c=1, 
111, -1.830997, x=25, c=3, x=11, c=4, x=38, c=0, x=2, c=1, 
112, -1.870252, x=13, c=0, x=9, c=3, x=38, c=0, x=19, c=0, x=8, c=1, 
113, -2.026552, x=38, c=2, x=34, c=2, x=20, c=3, 
114, -1.900406, x=38, c=3, x=30, c=2, x=10, c=3, x=39, c=4, x=28, c=0, 
115, -1.966144, x=1, c=1, x=38, c=2, x=6, c=4, x=32, c=5, 
116, -1.907923, x=25, c=5, x=6, c=4, x=33, c=0, x=37, c=1, 
117, -1.898346, x=7, c=3, x=29, c=2, x=37, c=5, x=31, c=4, x=21, c=0, x=22, c=1, 
118, -2.008400, x=12, c=3, x=39, c=0, x=27, c=3, x=24, c=5, x=38, c=4, 
119, -1.834338, x=8, c=5, x=12, c=2, 
120, -1.779294, x=28, c=0, x=11, c=3, x=8, c=1, x=38, c=2, 
121, -1.964333, x=12, c=2, x=37, c=2, 
122, -1.965023, x=7, c=5, x=1, c=4, x=27, c=0, x=23, c=3, 
123, -1.956302, x=16, c=4, x=15, c=3, x=14, c=5, x=4, c=5, x=30, c=5, 
124, -1.939770, x=10, c=0, x=20, c=5, x=13, c=4, x=21, c=4, x=37, c=4, x=32, c=3, 
125, -1.900892, x=36, c=0, x=8, c=4, x=24, c=0, x=21, c=3, x=24, c=0, 
126, -1.892916, x=8, c=1, x=26, c=2, x=37, c=2, 
127, -1.948219, x=38, c=2, x=33, c=3, x=40, c=2, 
128, -1.879074, x=9, c=1, x=25, c=5, x=28, c=1, x=2, c=1, 
129, -1.937143, x=32, c=2, x=12, c=3, x=23, c=5, x=24, c=5, x=35, c=3, x=21, c=0, x=27, c=1, 
130, -1.826033, x=35, c=5, x=23, c=5, x=8, c=3, x=24, c=5, x=32, c=4, x=39, c=2, 
131, -1.915613, x=19, c=1, x=26, c=4, x=28, c=2, 
132, -1.930992, x=23, c=2, x=2, c=5, x=40, c=3, x=38, c=5, x=4, c=4, 
133, -1.946753, x=18, c=3, x=30, c=3, x=1, c=1, x=2, c=0, 
134, -1.918977, x=27, c=2, x=12, c=3, x=24, c=5, x=20, c=1, x=39, c=5, x=3, c=3, 
135, -1.871366, x=18, c=4, x=18, c=5, x=27, c=5, x=3, c=4, 
136, -1.874220, x=26, c=4, x=31, c=3, x=30, c=1, x=20, c=5, x=15, c=0, 
137, -1.915250, x=2, c=4, x=30, c=4, x=34, c=1, x=26, c=5, 
138, -1.768888, x=6, c=2, x=14, c=5, x=5, c=1, 
139, -1.841541, x=15, c=1, x=8, c=2, x=1, c=3, x=15, c=1, 
140, -1.847355, x=40, c=2, x=8, c=1, x=8, c=5, x=5, c=3, x=12, c=0, x=27, c=4, 
141, -1.887446, x=5, c=5, x=39, c=0, x=33, c=2, 
142, -1.929046, x=17, c=0, x=40, c=1, x=27, c=0, x=24, c=5, 
143, -1.888206, x=11, c=4, x=25, c=1, x=39, c=2, x=14, c=0, x=9, c=3, 
144, -1.914756, x=10, c=2, x=22, c=5, x=7, c=0, 
145, -2.058991, x=3, c=1, x=14, c=4, x=32, c=5, x=2, c=4, 
146, -2.185346, x=15, c=5, x=3, c=0, x=16, c=4, 
147, -1.834817, x=20, c=5, x=32, c=0, x=39, c=1, 
148, -1.839227, x=13, c=5, x=33, c=0, x=38, c=0, 
149, -1.898489, x=25, c=5, x=38, c=1, x=12, c=3, x=7, c=5, 
150, -1.931915, x=1, c=3, x=38, c=2, x=13, c=3, x=3, c=0, x=7, c=0, 
151, -1.847770, x=2, c=0, x=22, c=1, x=21, c=4, x=19, c=0, x=13, c=1, 
152, -1.902371, x=9, c=0, x=4, c=4, x=4, c=4, x=23, c=1, 
153, -1.941184, x=32, c=2, x=2, c=3, x=14, c=2, 
154, -1.962467, x=4, c=1, x=23, c=2, x=37, c=2, x=32, c=5, x=36, c=5, 
155, -1.829665, x=39, c=5, x=15, c=2, x=26, c=3, x=27, c=4, x=15, c=4, 
156, -1.866022, x=1, c=5, x=30, c=3, x=3, c=4, x=35, c=3, x=22, c=1, 
157, -1.991107, x=38, c=1, x=10, c=5, x=14, c=4, 
158, -1.962629, x=24, c=1, x=39, c=2, x=10, c=3, x=5, c=4, x=27, c=4, 
159, -1.892906, x=11, c=3, x=15, c=4, x=34, c=1, x=40, c=3, x=37, c=2, 
160, -1.954341, x=1, c=4, x=37, c=2, x=32, c=2, x=37, c=4, x=13, c=4, 
161, -1.772925, x=12, c=4, x=34, c=4, x=37, c=1, x=31, c=4, x=7, c=4, x=17, c=4, x=3, c=3, 
162, -1.848751, x=39, c=1, x=33, c=2, x=22, c=5, 
163, -1.804091, x=11, c=3, x=27, c=2, x=39, c=1, x=38, c=4, x=35, c=5, 
164, -1.891584, x=40, c=1, x=12, c=3, x=39, c=0, 
165, -2.000144, x=32, c=0, x=19, c=0, 
166, -1.796174, x=35, c=1, x=29, c=0, x=36, c=0, 
167, -2.020046, x=3, c=5, x=1, c=0, x=17, c=1, x=13, c=5, 
168, -1.923549, x=40, c=2, x=4, c=3, x=30, c=1, x=2, c=3, x=15, c=5, 
169, -2.049507, x=26, c=5, x=7, c=2, 
170, -1.973577, x=39, c=3, x=6, c=1, x=38, c=2, x=36, c=0, 
171, -1.855803, x=27, c=2, x=29, c=5, x=23, c=3, x=18, c=1, x=26, c=4, x=2, c=5, x=1, c=3, 
172, -1.995385, x=8, c=3, x=1, c=4, x=3, c=0, x=40, c=1, 
173, -1.960470, x=27, c=5, x=13, c=1, x=13, c=3, x=16, c=0, x=38, c=3, x=10, c=3, 
174, -1.943497, x=7, c=4, x=28, c=5, x=5, c=1, x=3, c=0, x=1, c=4, 
175, -1.857937, x=4, c=1, x=22, c=3, x=11, c=4, x=27, c=1, x=35, c=3, 
176, -1.853674, x=17, c=3, x=27, c=0, x=25, c=1, x=30, c=4, x=5, c=3, 
177, -1.849278, x=19, c=0, x=34, c=3, x=24, c=4, x=22, c=5, x=36, c=3, x=23, c=5, 
178, -1.922789, x=29, c=1, x=23, c=0, x=15, c=5, x=9, c=4, 
179, -1.856510, x=32, c=2, x=19, c=0, x=24, c=0, 
180, -1.862403, x=19, c=4, x=35, c=5, x=3, c=4, x=27, c=5, x=39, c=0, 
181, -2.040981, x=1, c=1, x=28, c=5, x=9, c=1, x=16, c=3, x=39, c=3, 
182, -1.903429, x=19, c=3, x=20, c=3, x=2, c=1, x=6, c=3, x=33, c=1, x=15, c=1, x=21, c=3, 
183, -2.047790, x=40, c=0, x=29, c=1, x=20, c=3, 
184, -1.858487, x=32, c=1, x=22, c=3, x=31, c=2, x=5, c=4, 
185, -1.902059, x=29, c=4, x=24, c=2, x=23, c=3, x=16, c=4, x=23, c=1, 
186, -1.978859, x=9, c=5, x=26, c=5, x=37, c=0, x=31, c=1, 
187, -1.929818, x=8, c=1, x=34, c=3, x=26, c=2, x=13, c=4, 
188, -1.925805, x=18, c=5, x=10, c=5, x=34, c=2, x=30, c=5, 
189, -1.906212, x=36, c=0, x=27, c=3, x=16, c=3, x=4, c=5, 
190, -1.880527, x=34, c=2, x=28, c=4, x=1, c=5, x=38, c=0, 
191, -1.926794, x=1, c=3, x=10, c=2, x=32, c=3, x=31, c=3, 
192, -1.946790, x=30, c=1, x=35, c=4, x=25, c=1, 
193, -1.763603, x=24, c=0, x=18, c=1, x=30, c=5, x=37, c=0, x=22, c=3, 
194, -1.878647, x=40, c=4, x=31, c=0, x=1, c=5, x=27, c=4, x=17, c=5, 
195, -1.832874, x=7, c=3, x=16, c=0, x=13, c=5, x=27, c=4, x=5, c=0, 
196, -2.032734, x=32, c=2, x=24, c=4, x=15, c=3, x=21, c=0, x=27, c=0, 
197, -2.037582, x=39, c=3, x=9, c=3, x=34, c=3, x=25, c=2, x=37, c=4, 
198, -1.794584, x=38, c=1, x=26, c=1, x=22, c=3, 
199, -1.900561, x=37, c=5, x=18, c=3, x=38, c=2, x=13, c=2, 
200, -1.868907, x=18, c=4, x=25, c=5, x=2, c=0, x=26, c=5, x=19, c=3, x=39, c=5, x=21, c=4, x=32, c=1, 
201, -1.835089, x=32, c=0, x=27, c=4, x=40, c=4, x=33, c=4, x=24, c=3, 
202, -1.971640, x=34, c=4, x=15, c=5, x=37, c=4, x=40, c=1, 
203, -1.938183, x=23, c=4, x=18, c=5, x=26, c=0, x=32, c=3, 
204, -1.988351, x=28, c=4, x=38, c=3, x=4, c=3, x=19, c=1, x=26, c=4, x=9, c=1, x=9, c=3, 
205, -2.166170, x=13, c=5, x=36, c=5, x=31, c=1, x=26, c=4, 
206, -1.914372, x=39, c=5, x=2, c=2, x=5, c=3, x=38, c=5, 
207, -1.998998, x=35, c=1, x=34, c=1, x=8, c=5, 
208, -1.876359, x=36, c=1, x=25, c=4, x=15, c=4, x=29, c=0, 
209, -1.885884, x=35, c=4, x=6, c=4, x=10, c=1, x=25, c=0, x=29, c=3, x=7, c=3, 
210, -1.872077, x=13, c=2, x=22, c=1, 
211, -2.037004, x=15, c=2, x=11, c=5, 
212, -1.921893, x=7, c=0, x=22, c=4, x=8, c=0, x=20, c=5, x=27, c=5, x=37, c=4, 
213, -1.926600, x=19, c=0, x=5, c=3, x=20, c=1, x=11, c=0, 
214, -1.927788, x=34, c=3, x=26, c=2, x=14, c=0, x=37, c=5, x=23, c=0, 
215, -1.933892, x=33, c=1, x=7, c=3, x=24, c=3, x=5, c=1, 
216, -1.821917, x=39, c=4, x=31, c=2, x=2, c=3, x=10, c=5, x=12, c=4, x=24, c=5, 
217, -1.940423, x=13, c=1, x=23, c=3, x=22, c=2, x=8, c=0, 
218, -1.899840, x=36, c=0, x=13, c=4, x=23, c=1, 
219, -1.896616, x=3, c=4, x=10, c=1, x=40, c=4, x=31, c=2, x=27, c=4, x=40, c=0, 
220, -2.054800, x=25, c=0, x=35, c=1, x=9, c=3, 
221, -1.914930, x=18, c=2, x=2, c=0, 
222, -1.954614, x=40, c=0, x=32, c=1, x=35, c=4, x=7, c=1, x=38, c=3, 
223, -1.941044, x=29, c=2, x=23, c=2, 
224, -1.974697, x=2, c=4, x=11, c=1, x=28, c=5, x=37, c=1, 
225, -1.890039, x=19, c=4, x=26, c=2, x=7, c=3, x=18, c=3, x=20, c=4, x=35, c=5, x=24, c=1, 
226, -1.874256, x=17, c=1, x=24, c=5, x=33, c=3, x=22, c=2, x=23, c=4, 
227, -1.720317, x=40, c=0, x=30, c=3, x=28, c=4, x=17, c=5, 
228, -1.932204, x=16, c=0, x=26, c=3, x=32, c=3, x=25, c=0, x=37, c=4, x=21, c=3, 
229, -1.922836, x=17, c=3, x=4, c=3, x=15, c=2, x=13, c=5, x=33, c=5, 
230, -1.661145, x=32, c=1, x=35, c=3, x=18, c=1, x=9, c=5, 
231, -1.958935, x=32, c=1, x=7, c=0, x=39, c=1, 
232, -1.993785, x=31, c=5, x=3, c=0, x=2, c=1, x=5, c=5, 
233, -1.802057, x=9, c=2, x=7, c=0, 
234, -1.920895, x=35, c=3, x=10, c=2, 
235, -1.875586, x=2, c=1, x=16, c=4, x=21, c=0, x=2, c=3, x=13, c=4, x=20, c=5, x=27, c=3, 
236, -1.885184, x=33, c=5, x=3, c=0, x=15, c=0, x=20, c=1, x=7, c=4, 
237, -1.868237, x=33, c=1, x=9, c=0, x=33, c=3, x=38, c=2, x=38, c=4, 
238, -1.927376, x=30, c=3, x=37, c=5, x=23, c=1, x=30, c=1, 
239, -1.920365, x=34, c=5, x=18, c=2, x=3, c=0, 
240, -1.806681, x=23, c=2, x=33, c=3, x=28, c=1, x=40, c=2, 
241, -1.922922, x=31, c=4, x=25, c=2, x=20, c=4, x=20, c=4, x=36, c=3, x=32, c=1, 
242, -2.214539, x=33, c=3, x=13, c=0, x=19, c=4, x=7, c=4, 
243, -1.971254, x=25, c=4, x=24, c=4, x=13, c=4, x=34, c=2, 
244, -1.827118, x=20, c=1, x=22, c=5, x=24, c=2, x=18, c=0, x=33, c=5, 
245, -1.878418, x=5, c=4, x=11, c=2, x=38, c=5, 
246, -1.923330, x=36, c=0, x=7, c=0, x=40, c=0, 
247, -1.925894, x=12, c=2, x=32, c=0, 
248, -1.824411, x=15, c=1, x=29, c=2, x=20, c=4, x=7, c=5, 
249, -1.990217, x=24, c=5, x=1, c=5, x=40, c=4, x=1, c=4, 
250, -2.046737, x=39, c=4, x=9, c=5, x=31, c=2, x=18, c=4, x=4, c=3, 
251, -2.011247, x=17, c=1, x=4, c=0, x=7, c=5, x=20, c=0, 
252, -1.963863, x=36, c=5, x=23, c=4, x=29, c=1, x=25, c=3, x=24, c=3, 
253, -1.884169, x=14, c=2, x=7, c=0, x=19, c=3, 
254, -1.833495, x=24, c=2, x=38, c=2, x=12, c=4, 
255, -2.001068, x=40, c=0, x=8, c=1, x=39, c=5, 
256, -1.906439, x=8, c=2, x=10, c=5, 
257, -1.891587, x=29, c=2, x=32, c=5, x=4, c=1, x=40, c=2, 
258, -1.892027, x=5, c=1, x=1, c=2, 
259, -2.204048, x=19, c=1, x=7, c=4, x=13, c=5, 
260, -1.957609, x=26, c=2, x=39, c=3, x=5, c=0, x=8, c=1, 
261, -1.814150, x=7, c=3, x=6, c=4, x=23, c=4, x=38, c=3, x=9, c=1, x=33, c=1, 
262, -1.960804, x=19, c=5, x=28, c=5, x=35, c=2, x=39, c=4, 
263, -2.062195, x=3, c=5, x=25, c=2, x=7, c=0, 
264, -1.981732, x=23, c=2, x=28, c=1, x=37, c=4, 
265, -1.899412, x=27, c=0, x=10, c=0, x=35, c=0, 
266, -1.921510, x=2, c=1, x=15, c=0, x=14, c=0, x=29, c=2, 
267, -1.891460, x=37, c=5, x=33, c=3, x=39, c=3, x=33, c=4, x=40, c=3, x=29, c=5, 
268, -1.898641, x=24, c=3, x=28, c=4, x=39, c=5, x=5, c=3, x=13, c=5, x=36, c=0, 
269, -1.843195, x=5, c=5, x=23, c=5, x=35, c=4, x=7, c=3, x=10, c=4, x=39, c=5, 
270, -1.945987, x=24, c=4, x=22, c=2, x=24, c=4, x=35, c=1, 
271, -1.986590, x=31, c=4, x=6, c=2, 
272, -2.026040, x=39, c=2, x=25, c=1, 
273, -1.912185, x=20, c=3, x=1, c=4, x=2, c=5, x=14, c=0, x=22, c=4, 
274, -1.683693, x=38, c=3, x=18, c=1, x=36, c=5, x=24, c=0, 
275, -1.933482, x=38, c=3, x=17, c=4, x=36, c=4, x=40, c=4, x=25, c=3, x=14, c=1, 
276, -1.984588, x=10, c=5, x=39, c=1, x=28, c=1, 
277, -1.944136, x=38, c=4, x=13, c=1, x=26, c=4, x=35, c=3, x=37, c=2, x=25, c=3, 
278, -1.936633, x=17, c=1, x=35, c=1, x=30, c=1, x=21, c=4, 
279, -1.940803, x=13, c=3, x=18, c=1, x=33, c=3, x=13, c=3, x=5, c=1, x=11, c=0, x=39, c=5, 
280, -1.938317, x=30, c=1, x=3, c=3, x=7, c=1, x=10, c=0, x=15, c=1, 
281, -2.014718, x=39, c=5, x=18, c=1, x=22, c=2, x=29, c=3, 
282, -2.095702, x=6, c=1, x=24, c=0, x=9, c=5, 
283, -1.956675, x=9, c=1, x=12, c=5, x=34, c=3, x=25, c=3, x=23, c=2, 
284, -1.774184, x=19, c=1, x=21, c=4, x=18, c=4, x=24, c=1, 
285, -2.008394, x=31, c=3, x=14, c=1, x=17, c=1, 
286, -1.931523, x=35, c=2, x=26, c=0, x=27, c=3, x=28, c=1, 
287, -1.923325, x=26, c=2, x=23, c=3, x=14, c=2, 
288, -1.825340, x=14, c=5, x=31, c=3, x=10, c=3, x=2, c=5, x=1, c=2, 
289, -1.957532, x=6, c=5, x=35, c=0, x=34, c=3, x=8, c=0, 
290, -1.911377, x=22, c=1, x=15, c=0, x=18, c=5, x=9, c=0, 
291, -2.017801, x=26, c=4, x=5, c=5, x=27, c=5, x=3, c=1, x=38, c=4, 
292, -1.865144, x=10, c=1, x=33, c=5, x=3, c=1, x=36, c=5, x=14, c=4, 
293, -1.915680, x=15, c=4, x=40, c=3, x=6, c=1, x=22, c=4, x=39, c=3, 
294, -1.932073, x=28, c=0, x=36, c=3, x=39, c=1, x=24, c=5, x=5, c=0, x=6, c=3, 
295, -1.854672, x=19, c=1, x=30, c=0, x=27, c=3, x=12, c=0, x=15, c=3, 
296, -1.838757, x=40, c=3, x=8, c=2, 
297, -1.944518, x=12, c=3, x=8, c=1, x=1, c=3, x=31, c=5, x=3, c=0, x=33, c=0, 
298, -2.016073, x=35, c=1, x=14, c=3, x=19, c=5, x=3, c=5, 
299, -1.815907, x=15, c=5, x=3, c=0, x=6, c=4, x=34, c=2, 
300, -1.869399, x=23, c=4, x=16, c=5, x=6, c=4, x=28, c=2, x=36, c=4, x=1, c=3, 
301, -1.902891, x=39, c=5, x=9, c=1, x=15, c=3, x=34, c=5, x=12, c=5, x=9, c=3, x=33, c=5, 
302, -1.888494, x=36, c=5, x=15, c=5, x=35, c=4, x=23, c=2, 
303, -1.894664, x=37, c=1, x=40, c=1, x=5, c=5, x=12, c=4, x=12, c=0, x=40, c=5, x=2, c=3, 
304, -1.928824, x=39, c=2, x=40, c=3, x=13, c=3, x=23, c=1, x=33, c=4, 
305, -1.964441, x=39, c=1, x=24, c=5, x=2, c=5, x=37, c=1, x=39, c=3, 
306, -2.065375, x=30, c=4, x=16, c=4, x=36, c=4, x=33, c=4, x=37, c=0, x=21, c=0, 
307, -1.957416, x=9, c=4, x=7, c=4, x=5, c=5, x=30, c=1, 
308, -1.978561, x=14, c=2, x=1, c=4, x=37, c=3, x=14, c=2, 
309, -2.021553, x=28, c=0, x=29, c=2, x=22, c=4, 
310, -1.888511, x=20, c=1, x=16, c=4, x=36, c=0, x=28, c=4, x=32, c=3, 
311, -1.960086, x=6, c=5, x=4, c=1, x=24, c=1, x=10, c=3, 
312, -1.933456, x=14, c=3, x=33, c=4, x=6, c=5, x=14, c=3, x=18, c=1, x=34, c=4, x=14, c=3, x=34, c=5, 
313, -1.944497, x=34, c=2, x=12, c=5, x=10, c=1, x=38, c=4, 
314, -1.902834, x=12, c=4, x=18, c=5, x=22, c=0, x=35, c=2, 
315, -1.830691, x=16, c=4, x=1, c=2, 
316, -1.887253, x=20, c=3, x=35, c=2, x=26, c=4, x=15, c=1, x=3, c=4, x=36, c=4, 
317, -1.858769, x=24, c=0, x=19, c=1, x=9, c=1, 
318, -1.917505, x=22, c=4, x=30, c=5, x=18, c=5, x=5, c=3, x=28, c=5, x=4, c=4, x=25, c=1, 
319, -1.849753, x=10, c=5, x=24, c=3, x=23, c=1, x=18, c=0, 
320, -1.788133, x=32, c=4, x=32, c=3, x=37, c=1, x=27, c=2, 
321, -1.966107, x=2, c=3, x=11, c=1, x=36, c=0, x=39, c=2, 
322, -1.847175, x=12, c=5, x=15, c=1, x=23, c=5, x=27, c=2, 
323, -1.881909, x=34, c=3, x=14, c=1, x=35, c=4, x=28, c=1, 
324, -1.922470, x=10, c=1, x=3, c=5, x=12, c=0, x=32, c=5, x=22, c=4, 
325, -1.886555, x=33, c=4, x=36, c=5, x=32, c=0, x=23, c=5, x=11, c=1, x=15, c=0, 
326, -2.031010, x=19, c=4, x=36, c=3, x=3, c=5, x=34, c=4, x=36, c=1, x=34, c=2, 
327, -1.877455, x=4, c=4, x=22, c=5, x=24, c=4, x=14, c=3, x=39, c=0, x=16, c=3, x=37, c=2, 
328, -1.969708, x=29, c=4, x=25, c=2, x=39, c=5, x=3, c=0, x=13, c=3, 
329, -1.816212, x=13, c=5, x=19, c=1, x=30, c=0, x=36, c=4, x=37, c=3, 
330, -1.914135, x=29, c=3, x=12, c=5, x=7, c=5, x=15, c=4, 
331, -1.842997, x=11, c=0, x=27, c=2, x=27, c=4, x=32, c=2, 
332, -1.887142, x=35, c=0, x=9, c=3, x=12, c=4, x=3, c=0, x=21, c=0, x=25, c=1, 
333, -1.836641, x=13, c=3, x=5, c=4, x=31, c=0, x=8, c=1, x=11, c=1, x=7, c=5, 
334, -1.993081, x=34, c=3, x=35, c=0, x=23, c=5, x=20, c=0, x=38, c=4, x=17, c=3, 
335, -1.995468, x=33, c=5, x=28, c=2, x=35, c=1, x=22, c=3, 
336, -1.837073, x=31, c=4, x=27, c=5, x=22, c=3, x=7, c=4, x=10, c=5, x=24, c=5, 
337, -1.802632, x=22, c=1, x=29, c=4, x=4, c=3, x=30, c=3, x=5, c=0, 
338, -1.907970, x=32, c=5, x=9, c=0, x=39, c=3, x=6, c=1, x=29, c=3, x=36, c=2, x=36, c=4, 
339, -1.965413, x=27, c=5, x=9, c=2, x=2, c=5, 
340, -1.885583, x=23, c=2, x=3, c=2, 
341, -1.817489, x=23, c=3, x=8, c=1, x=26, c=5, x=11, c=1, x=38, c=5, 
342, -1.913067, x=26, c=0, x=6, c=2, 
343, -1.936950, x=20, c=4, x=17, c=0, x=25, c=2, x=4, c=3, x=24, c=3, 
344, -2.038600, x=23, c=3, x=39, c=4, x=21, c=3, x=31, c=0, x=33, c=4, 
345, -1.843179, x=9, c=1, x=29, c=0, x=13, c=0, x=39, c=5, 
346, -1.874191, x=14, c=4, x=13, c=5, x=30, c=4, x=28, c=4, x=38, c=5, 
347, -1.885265, x=18, c=3, x=26, c=4, x=40, c=0, x=30, c=0, 
348, -1.957650, x=1, c=2, x=40, c=5, x=25, c=3, x=21, c=4, 
349, -1.910802, x=4, c=4, x=23, c=0, x=34, c=3, x=24, c=5, 
350, -1.924149, x=3, c=5, x=35, c=1, x=28, c=4, x=39, c=0, x=34, c=1, 
351, -1.962957, x=28, c=5, x=40, c=1, x=29, c=5, x=2, c=1, 
352, -1.812668, x=12, c=2, x=24, c=3, x=10, c=5, 
353, -1.876181, x=37, c=0, x=29, c=4, x=25, c=2, x=20, c=5, 
354, -1.877925, x=2, c=3, x=5, c=1, x=26, c=2, x=36, c=2, 
355, -1.961274, x=5, c=2, x=15, c=0, 
356, -1.938691, x=2, c=1, x=20, c=4, x=3, c=5, x=22, c=5, x=34, c=5, x=19, c=4, x=26, c=5, 
357, -1.786594, x=37, c=5, x=18, c=2, 
358, -1.838272, x=37, c=2, x=27, c=4, x=19, c=0, x=17, c=5, x=37, c=4, 
359, -1.947100, x=37, c=4, x=5, c=5, x=12, c=4, x=34, c=1, 
360, -1.867681, x=14, c=1, x=11, c=1, x=9, c=1, x=21, c=3, x=19, c=5, 
361, -1.807069, x=11, c=4, x=11, c=0, x=35, c=2, x=35, c=5, x=39, c=1, x=10, c=3, 
362, -1.915107, x=12, c=0, x=31, c=3, x=27, c=2, x=19, c=5, x=8, c=1, 
363, -2.013220, x=31, c=3, x=4, c=0, x=12, c=2, 
364, -1.945739, x=10, c=4, x=1, c=1, x=9, c=5, x=13, c=3, x=29, c=4, x=36, c=4, 
365, -1.898834, x=37, c=0, x=9, c=4, x=6, c=3, x=18, c=5, x=1, c=5, 
366, -2.012934, x=10, c=5, x=15, c=0, x=22, c=4, x=11, c=4, 
367, -1.850891, x=3, c=0, x=20, c=3, x=17, c=0, x=29, c=2, x=13, c=5, 
368, -1.861306, x=31, c=5, x=19, c=0, x=17, c=5, x=18, c=4, x=29, c=4, 
369, -1.942690, x=23, c=0, x=28, c=4, x=29, c=3, x=5, c=5, x=17, c=0, 
370, -1.964022, x=31, c=5, x=38, c=3, x=37, c=1, x=28, c=1, 
371, -1.803663, x=3, c=2, x=30, c=2, 
372, -1.931529, x=10, c=5, x=17, c=2, 
373, -1.924428, x=13, c=3, x=34, c=1, x=32, c=4, x=26, c=0, 
374, -1.838985, x=17, c=5, x=14, c=1, x=31, c=5, x=16, c=4, x=3, c=0, x=36, c=3, 
375, -1.839686, x=16, c=0, x=39, c=3, x=24, c=1, x=10, c=1, x=31, c=5, 
376, -1.932686, x=8, c=0, x=16, c=4, x=17, c=1, x=20, c=1, 
377, -1.963072, x=25, c=0, x=22, c=4, x=7, c=2, x=7, c=4, x=25, c=3, 
378, -1.970706, x=2, c=4, x=32, c=5, x=35, c=0, 
379, -1.934843, x=32, c=5, x=18, c=0, x=12, c=5, x=27, c=5, x=23, c=5, 
380, -1.981711, x=18, c=1, x=33, c=1, x=10, c=2, 
381, -1.845897, x=14, c=4, x=20, c=3, x=6, c=5, x=25, c=3, x=19, c=3, x=1, c=0, x=13, c=3, x=29, c=3, 
382, -1.900709, x=19, c=1, x=10, c=4, x=11, c=5, x=34, c=2, 
383, -1.859542, x=22, c=5, x=34, c=5, x=7, c=3, x=4, c=0, x=18, c=1, 
384, -1.946607, x=2, c=5, x=2, c=3, x=28, c=2, x=27, c=5, 
385, -1.936532, x=31, c=5, x=30, c=5, x=9, c=5, x=27, c=5, x=3, c=1, 
386, -1.986600, x=34, c=3, x=11, c=4, x=6, c=3, x=2, c=3, x=29, c=2, x=17, c=5, 
387, -1.706207, x=13, c=4, x=6, c=3, x=7, c=0, x=39, c=2, x=26, c=2, 
388, -1.945534, x=25, c=2, x=9, c=1, x=39, c=3, 
389, -1.945224, x=26, c=3, x=35, c=0, x=39, c=2, x=10, c=1, x=7, c=3, 
390, -1.991105, x=10, c=3, x=3, c=2, x=37, c=4, x=4, c=3, 
391, -1.833401, x=23, c=3, x=32, c=4, x=13, c=2, 
392, -1.880553, x=1, c=2, x=33, c=3, x=1, c=4, 
393, -1.850897, x=39, c=2, x=25, c=4, x=6, c=1, 
394, -1.913149, x=1, c=1, x=21, c=0, x=13, c=4, x=38, c=1, 
395, -1.933240, x=28, c=0, x=21, c=4, x=35, c=5, x=28, c=0, x=16, c=1, x=22, c=4, 
396, -1.965488, x=18, c=5, x=6, c=0, x=29, c=5, x=11, c=4, 
397, -1.922274, x=39, c=5, x=40, c=4, x=10, c=4, x=28, c=5, x=14, c=3, x=14, c=3, x=31, c=5, 
398, -1.910822, x=25, c=2, x=17, c=5, x=21, c=3, x=15, c=3, x=39, c=1, 
399, -1.720083, x=6, c=5, x=7, c=0, x=11, c=1, x=31, c=1, 
400, -1.882833, x=35, c=3, x=37, c=5, x=35, c=5, x=8, c=5, x=11, c=3, x=10, c=1, x=15, c=3, 
401, -1.909400, x=36, c=4, x=36, c=5, x=20, c=3, x=8, c=2, 
402, -1.990327, x=22, c=5, x=1, c=4, x=2, c=4, x=14, c=1, x=27, c=4, x=32, c=4, x=2, c=3, x=20, c=3, 
403, -1.895333, x=16, c=2, x=30, c=1, x=16, c=2, 
404, -1.906262, x=20, c=0, x=38, c=3, x=25, c=5, x=21, c=3, x=4, c=5, x=18, c=1, 
405, -2.045336, x=34, c=2, x=40, c=0, x=3, c=0, x=21, c=0, 
406, -1.939540, x=3, c=3, x=21, c=0, x=25, c=0, x=30, c=2, 
407, -2.111562, x=38, c=3, x=10, c=2, 
408, -1.935755, x=19, c=0, x=9, c=5, x=1, c=0, x=7, c=0, x=32, c=0, 
409, -1.875786, x=27, c=3, x=17, c=5, x=11, c=2, 
410, -1.878532, x=3, c=3, x=11, c=4, x=17, c=2, 
411, -1.937672, x=13, c=1, x=34, c=0, x=15, c=3, x=2, c=0, 
412, -1.984351, x=28, c=5, x=18, c=0, x=25, c=1, 
413, -1.968602, x=8, c=1, x=21, c=3, x=8, c=3, x=29, c=1, x=33, c=3, x=26, c=3, x=23, c=4, 
414, -1.871730, x=1, c=1, x=9, c=0, x=26, c=1, x=12, c=3, 
415, -1.783612, x=2, c=0, x=34, c=5, x=27, c=5, x=36, c=3, x=22, c=0, 
416, -1.986548, x=21, c=4, x=25, c=4, x=3, c=2, 
417, -1.870369, x=24, c=0, x=39, c=1, x=8, c=1, x=21, c=4, 
418, -1.986034, x=36, c=0, x=26, c=0, x=40, c=5, 
419, -1.983910, x=27, c=1, x=37, c=1, x=12, c=3, 
420, -1.870366, x=5, c=3, x=4, c=0, x=5, c=0, x=27, c=1, 
421, -1.986767, x=35, c=2, x=18, c=4, x=22, c=4, x=26, c=1, x=17, c=4, x=35, c=4, x=15, c=3, 
422, -1.831678, x=29, c=1, x=28, c=2, x=2, c=3, x=34, c=3, 
423, -1.849259, x=11, c=0, x=27, c=1, x=39, c=1, x=40, c=4, 
424, -1.826762, x=7, c=0, x=20, c=0, x=36, c=5, x=31, c=5, x=36, c=4, 
425, -1.927891, x=37, c=0, x=9, c=4, x=30, c=2, x=8, c=0, 
426, -1.926617, x=38, c=1, x=15, c=0, x=19, c=5, x=11, c=3, x=32, c=5, 
427, -1.992672, x=20, c=3, x=38, c=3, x=29, c=3, x=20, c=0, x=14, c=1, 
428, -1.888403, x=39, c=4, x=17, c=1, x=21, c=4, x=15, c=0, x=24, c=0, 
429, -1.886211, x=30, c=1, x=2, c=1, x=2, c=5, x=6, c=3, x=20, c=1, 
430, -1.818464, x=32, c=5, x=26, c=3, x=10, c=5, x=26, c=5, x=32, c=2, x=36, c=4, 
431, -1.858425, x=7, c=3, x=29, c=2, x=37, c=5, x=31, c=4, x=21, c=0, x=22, c=1, 
432, -1.943969, x=9, c=2, x=6, c=3, x=34, c=5, x=36, c=0, 
433, -1.890500, x=29, c=5, x=9, c=0, x=35, c=5, x=4, c=3, x=7, c=1, x=26, c=5, 
434, -1.917299, x=17, c=1, x=9, c=0, x=26, c=4, x=40, c=2, x=32, c=3, 
435, -1.891298, x=20, c=0, x=16, c=5, x=37, c=3, x=29, c=5, x=22, c=2, 
436, -1.898720, x=9, c=1, x=18, c=1, x=3, c=5, x=32, c=3, x=7, c=1, 
437, -1.947066, x=5, c=2, x=34, c=5, x=39, c=3, 
438, -1.984696, x=12, c=5, x=38, c=3, x=8, c=5, x=6, c=3, x=2, c=5, 
439, -1.806077, x=3, c=4, x=12, c=3, x=18, c=4, x=16, c=0, x=24, c=1, x=36, c=5, 
440, -1.963838, x=9, c=5, x=40, c=3, x=11, c=0, x=1, c=1, x=34, c=5, 
441, -1.963542, x=29, c=0, x=12, c=0, x=39, c=2, 
442, -1.919813, x=19, c=0, x=21, c=0, x=35, c=3, x=22, c=4, x=24, c=3, x=5, c=1, 
443, -2.002596, x=35, c=3, x=22, c=2, x=25, c=2, 
444, -1.946676, x=29, c=0, x=3, c=1, x=15, c=0, x=25, c=2, 
445, -1.900663, x=11, c=5, x=23, c=2, x=17, c=4, x=32, c=1, 
446, -1.963056, x=30, c=0, x=18, c=0, x=27, c=2, 
447, -1.929567, x=32, c=1, x=38, c=4, x=15, c=3, x=10, c=5, x=13, c=5, 
448, -1.928812, x=9, c=3, x=32, c=0, x=30, c=1, x=40, c=5, 
449, -1.921849, x=32, c=1, x=21, c=3, x=23, c=3, x=33, c=3, x=30, c=3, 
450, -1.868750, x=14, c=1, x=16, c=5, x=12, c=3, x=11, c=4, x=14, c=1, x=20, c=3, x=10, c=0, x=25, c=3, x=32, c=4, 
451, -1.884629, x=6, c=2, x=36, c=5, x=21, c=3, 
452, -1.811046, x=40, c=0, x=8, c=3, x=24, c=2, x=28, c=4, 
453, -1.944998, x=30, c=1, x=29, c=1, x=13, c=4, x=29, c=1, 
454, -1.902739, x=15, c=3, x=40, c=2, x=38, c=3, x=35, c=2, 
455, -2.036206, x=22, c=5, x=21, c=0, x=33, c=2, x=22, c=2, x=23, c=0, 
456, -1.976655, x=37, c=4, x=36, c=1, x=13, c=1, x=35, c=3, x=1, c=5, 
457, -1.856448, x=28, c=0, x=2, c=3, x=27, c=4, x=25, c=2, 
458, -1.939417, x=5, c=1, x=17, c=3, x=19, c=3, x=37, c=0, x=15, c=3, 
459, -1.912247, x=11, c=3, x=40, c=1, x=24, c=1, x=22, c=2, 
460, -1.912079, x=38, c=1, x=4, c=5, x=32, c=4, x=32, c=2, 
461, -1.849025, x=39, c=2, x=30, c=2, 
462, -1.969749, x=32, c=1, x=26, c=5, x=8, c=1, x=20, c=4, 
463, -1.929200, x=8, c=5, x=36, c=5, x=36, c=2, x=9, c=4, x=39, c=2, x=39, c=4, 
464, -1.874492, x=26, c=3, x=14, c=2, x=20, c=3, x=26, c=0, 
465, -1.790961, x=16, c=1, x=7, c=1, x=22, c=1, x=6, c=3, 
466, -1.790452, x=3, c=1, x=18, c=4, x=36, c=4, x=30, c=3, x=13, c=5, x=3, c=3, 
467, -1.840840, x=18, c=3, x=5, c=5, x=29, c=4, x=23, c=0, x=24, c=4, x=10, c=3, x=13, c=4, 
468, -1.990082, x=22, c=2, x=38, c=5, x=14, c=3, x=32, c=0, 
469, -1.866400, x=9, c=0, x=39, c=4, x=33, c=4, x=5, c=0, x=12, c=1, x=5, c=3, x=11, c=1, 
470, -1.942079, x=23, c=3, x=2, c=2, 
471, -1.935271, x=28, c=3, x=9, c=0, x=13, c=1, x=30, c=4, 
472, -1.941711, x=6, c=4, x=8, c=1, x=26, c=0, 
473, -1.948879, x=31, c=4, x=22, c=0, x=29, c=3, x=29, c=0, 
474, -1.932931, x=7, c=4, x=6, c=0, x=36, c=4, x=9, c=5, 
475, -2.071366, x=12, c=5, x=29, c=5, x=36, c=5, x=23, c=0, x=7, c=3, 
476, -1.854200, x=2, c=3, x=31, c=1, x=36, c=1, x=26, c=1, 
477, -1.899698, x=20, c=0, x=5, c=5, x=22, c=1, x=36, c=5, 
478, -1.903543, x=6, c=2, x=3, c=5, x=1, c=4, 
479, -1.852992, x=40, c=2, x=3, c=1, x=6, c=0, 
480, -1.856110, x=19, c=1, x=12, c=0, x=6, c=0, x=10, c=1, x=21, c=4, 
481, -1.925377, x=5, c=3, x=24, c=5, x=39, c=3, x=10, c=5, x=1, c=3, x=8, c=1, x=29, c=5, x=27, c=4, x=21, c=4, 
482, -1.944198, x=23, c=5, x=28, c=3, x=32, c=4, x=3, c=4, x=16, c=5, 
483, -1.963257, x=1, c=0, x=2, c=4, x=31, c=1, x=10, c=0, x=27, c=4, x=2, c=3, 
484, -1.955465, x=23, c=3, x=24, c=2, x=5, c=0, x=10, c=4, 
485, -1.972183, x=38, c=0, x=28, c=3, x=35, c=4, x=9, c=4, 
486, -1.953615, x=31, c=0, x=34, c=5, x=34, c=5, x=23, c=0, 
487, -1.999216, x=7, c=5, x=1, c=4, x=27, c=0, x=23, c=3, 
488, -1.893704, x=31, c=2, x=25, c=1, x=2, c=5, x=18, c=1, 
489, -2.078176, x=26, c=0, x=27, c=2, x=9, c=0, x=2, c=3, 
490, -1.977705, x=2, c=1, x=40, c=0, x=1, c=5, x=34, c=3, 
491, -1.881150, x=8, c=3, x=24, c=1, x=14, c=3, x=15, c=2, 
492, -1.850422, x=19, c=1, x=27, c=1, x=18, c=5, x=20, c=3, 
493, -1.871560, x=21, c=3, x=15, c=3, x=29, c=2, x=26, c=4, x=11, c=4, x=38, c=3, x=27, c=3, x=9, c=4, 
494, -1.838559, x=21, c=0, x=10, c=4, x=17, c=5, x=15, c=2, x=30, c=5, 
495, -2.013303, x=37, c=4, x=5, c=5, x=12, c=4, x=34, c=1, 
496, -1.917466, x=18, c=0, x=5, c=3, x=22, c=0, x=28, c=1, 
497, -2.002150, x=2, c=5, x=26, c=1, x=19, c=0, 
498, -1.878723, x=27, c=5, x=17, c=4, x=18, c=3, x=19, c=2, x=39, c=3, 
499, -1.848376, x=36, c=4, x=24, c=0, x=34, c=5, x=4, c=5, x=40, c=5, 
500, -1.907660, x=36, c=5, x=4, c=1, x=28, c=1, 
501, -1.937438, x=1, c=5, x=34, c=0, x=1, c=5, x=8, c=5, 
502, -1.924988, x=29, c=5, x=37, c=3, x=18, c=0, x=3, c=0, x=40, c=4, x=33, c=3, x=18, c=0, 
503, -1.870916, x=36, c=2, x=13, c=3, x=37, c=2, x=38, c=2, 
504, -1.859634, x=17, c=5, x=34, c=3, x=21, c=3, x=6, c=3, x=10, c=2, x=14, c=3, x=30, c=4, x=18, c=5, 
505, -1.870111, x=16, c=1, x=16, c=1, x=20, c=3, x=9, c=4, x=21, c=4, x=38, c=0, x=31, c=1, 
506, -1.968516, x=29, c=0, x=20, c=1, x=19, c=5, x=32, c=3, x=19, c=1, 
507, -1.885712, x=31, c=5, x=37, c=2, x=12, c=4, x=7, c=4, x=20, c=4, x=10, c=0, 
508, -1.888564, x=40, c=4, x=7, c=3, x=40, c=3, x=8, c=1, x=32, c=5, x=9, c=1, 
509, -1.900413, x=8, c=3, x=6, c=5, x=9, c=4, x=8, c=3, x=20, c=0, x=3, c=4, 
510, -2.002273, x=34, c=3, x=35, c=5, x=32, c=3, x=11, c=4, x=15, c=5, x=24, c=2, 
511, -2.103552, x=39, c=5, x=8, c=5, x=40, c=1, 
512, -2.019831, x=22, c=2, x=17, c=4, x=2, c=0, 
513, -2.008397, x=11, c=0, x=33, c=2, x=16, c=4, x=10, c=5, 
514, -2.039053, x=37, c=4, x=3, c=4, x=33, c=2, x=20, c=4, x=25, c=3, 
515, -1.858841, x=7, c=3, x=13, c=3, x=37, c=4, x=13, c=0, x=27, c=4, x=15, c=3, x=15, c=5, x=4, c=4, 
516, -1.820415, x=24, c=5, x=26, c=4, x=21, c=0, x=28, c=0, x=12, c=1, 
517, -1.974855, x=29, c=4, x=35, c=1, x=39, c=5, 
518, -2.079746, x=40, c=1, x=9, c=0, x=16, c=5, 
519, -2.034240, x=24, c=1, x=37, c=1, x=25, c=3, 
520, -1.941594, x=32, c=5, x=17, c=2, 
521, -1.916357, x=33, c=0, x=9, c=0, x=2, c=5, x=33, c=0, x=13, c=0, x=39, c=3, 
522, -1.875706, x=29, c=5, x=37, c=2, x=15, c=3, x=13, c=4, x=35, c=0, 
523, -1.840283, x=39, c=1, x=16, c=2, 
524, -1.839399, x=20, c=5, x=5, c=5, x=39, c=5, x=16, c=3, x=17, c=3, x=17, c=0, 
525, -1.849437, x=25, c=1, x=34, c=2, x=5, c=1, 
526, -1.869117, x=33, c=2, x=35, c=1, x=33, c=5, x=23, c=5, 
527, -1.873339, x=35, c=3, x=3, c=3, x=34, c=5, x=31, c=1, x=39, c=1, 
528, -1.890410, x=5, c=5, x=16, c=0, x=20, c=0, x=2, c=5, x=2, c=1, 
529, -1.975101, x=24, c=5, x=19, c=2, x=19, c=5, 
530, -1.930074, x=3, c=5, x=16, c=0, x=8, c=5, x=8, c=1, 
531, -2.133880, x=33, c=4, x=36, c=4, x=8, c=3, x=39, c=2, x=12, c=4, x=14, c=3, 
532, -1.975259, x=38, c=5, x=1, c=4, x=20, c=2, 
533, -1.909013, x=16, c=5, x=20, c=3, x=34, c=1, x=36, c=2, 
534, -1.957800, x=27, c=1, x=18, c=5, x=34, c=0, 
535, -1.972352, x=2, c=0, x=36, c=5, x=13, c=5, x=37, c=4, x=13, c=1, 
536, -1.856198, x=33, c=5, x=39, c=0, x=7, c=1, x=39, c=3, x=13, c=3, x=14, c=3, x=26, c=2, 
537, -1.900529, x=24, c=5, x=28, c=5, x=13, c=1, x=34, c=5, x=22, c=5, 
538, -1.959868, x=22, c=5, x=15, c=3, x=40, c=1, x=27, c=0, x=11, c=5, 
539, -1.919267, x=38, c=4, x=5, c=4, x=21, c=0, x=3, c=2, 
540, -1.952696, x=26, c=1, x=14, c=3, x=8, c=0, x=32, c=5, x=6, c=4, x=31, c=4, 
541, -1.887727, x=17, c=2, x=38, c=0, 
542, -1.881068, x=16, c=2, x=9, c=3, x=39, c=3, x=36, c=4, x=34, c=5, 
543, -1.915905, x=16, c=1, x=2, c=2, 
544, -1.887489, x=10, c=0, x=4, c=0, x=9, c=1, 
545, -1.862942, x=7, c=5, x=24, c=4, x=23, c=0, x=34, c=3, x=27, c=3, x=20, c=3, x=13, c=3, 
546, -1.917833, x=7, c=5, x=31, c=0, x=21, c=0, x=39, c=4, x=26, c=3, x=19, c=3, x=11, c=1, 
547, -1.956221, x=15, c=5, x=28, c=3, x=31, c=2, x=25, c=3, x=23, c=5, x=9, c=5, 
548, -2.023728, x=20, c=2, x=22, c=5, x=4, c=3, 
549, -1.908431, x=2, c=3, x=8, c=4, x=21, c=4, x=25, c=2, x=24, c=0, x=37, c=4, x=32, c=3, 
550, -1.935079, x=12, c=4, x=19, c=3, x=33, c=2, x=24, c=5, x=8, c=3, x=5, c=0, x=6, c=0, x=35, c=3, 
551, -1.839012, x=8, c=5, x=15, c=4, x=17, c=4, x=31, c=0, x=23, c=4, 
552, -1.876771, x=31, c=1, x=26, c=2, x=23, c=1, 
553, -1.952658, x=19, c=4, x=26, c=2, x=15, c=0, x=18, c=3, x=12, c=5, x=31, c=4, 
554, -1.887592, x=4, c=3, x=34, c=5, x=28, c=3, x=1, c=1, x=25, c=0, x=15, c=0, 
555, -1.925845, x=24, c=4, x=19, c=4, x=12, c=5, x=38, c=1, x=34, c=5, 
556, -1.895087, x=33, c=1, x=10, c=3, x=37, c=3, x=28, c=1, 
557, -1.937961, x=23, c=0, x=17, c=4, x=2, c=5, x=17, c=4, x=3, c=5, 
558, -2.003323, x=8, c=4, x=15, c=3, x=29, c=5, x=11, c=0, x=11, c=0, x=1, c=3, x=38, c=2, 
559, -1.956686, x=17, c=5, x=38, c=1, x=24, c=4, x=36, c=5, x=4, c=3, x=31, c=4, 
560, -1.881046, x=38, c=0, x=25, c=4, x=12, c=0, x=8, c=3, x=10, c=1, 
561, -1.767885, x=28, c=4, x=12, c=5, x=15, c=0, x=24, c=5, x=32, c=4, 
562, -1.861975, x=35, c=0, x=35, c=3, x=11, c=4, x=27, c=2, 
563, -1.819733, x=30, c=5, x=29, c=4, x=21, c=0, x=22, c=3, x=24, c=1, x=31, c=3, x=13, c=1, 
564, -1.770701, x=13, c=0, x=40, c=5, x=2, c=0, x=18, c=1, x=34, c=4, 
565, -1.908066, x=29, c=5, x=35, c=4, x=35, c=4, x=2, c=2, x=22, c=4, 
566, -1.973095, x=23, c=0, x=17, c=5, x=20, c=4, x=17, c=1, 
567, -1.893415, x=4, c=0, x=4, c=3, x=18, c=1, x=25, c=2, 
568, -1.889790, x=16, c=3, x=17, c=2, x=9, c=3, x=34, c=5, x=27, c=4, 
569, -1.885486, x=40, c=5, x=28, c=0, x=27, c=2, x=31, c=1, x=28, c=3, 
570, -2.041201, x=24, c=0, x=40, c=3, x=12, c=4, x=18, c=0, 
571, -1.918660, x=40, c=2, x=28, c=5, x=5, c=1, x=39, c=5, 
572, -2.174890, x=11, c=4, x=34, c=4, x=12, c=3, x=38, c=1, x=40, c=3, 
573, -1.995131, x=30, c=1, x=3, c=5, x=4, c=3, x=3, c=3, x=34, c=5, x=10, c=4, 
574, -1.995047, x=34, c=5, x=17, c=4, x=29, c=0, x=16, c=1, 
575, -1.840224, x=12, c=0, x=8, c=5, x=16, c=5, 
576, -1.937261, x=8, c=4, x=36, c=4, x=25, c=0, x=39, c=5, x=6, c=0, x=19, c=3, x=18, c=4, 
577, -2.029104, x=14, c=0, x=16, c=5, x=11, c=5, 
578, -2.029565, x=24, c=3, x=7, c=1, x=12, c=5, x=13, c=0, 
579, -1.939303, x=20, c=2, x=30, c=3, x=14, c=0, 
580, -1.941811, x=17, c=1, x=30, c=3, x=13, c=1, x=33, c=2, 
581, -1.928179, x=26, c=0, x=31, c=4, x=17, c=4, x=21, c=4, x=29, c=4, x=2, c=5, 
582, -1.803750, x=27, c=3, x=20, c=1, x=4, c=0, x=29, c=2, x=15, c=4, 
583, -2.005406, x=8, c=4, x=14, c=0, x=30, c=4, x=13, c=4, x=2, c=1, 
584, -2.068634, x=33, c=5, x=13, c=2, 
585, -1.894647, x=34, c=1, x=36, c=0, x=10, c=3, x=30, c=1, 
586, -1.871752, x=22, c=1, x=34, c=0, x=30, c=4, x=22, c=1, x=6, c=0, 
587, -1.850920, x=39, c=3, x=28, c=0, x=9, c=4, x=38, c=5, 
588, -1.897002, x=32, c=5, x=11, c=5, x=14, c=0, x=1, c=5, x=21, c=4, x=15, c=0, 
589, -1.926935, x=5, c=3, x=40, c=2, x=35, c=2, x=5, c=1, 
590, -1.788760, x=40, c=0, x=34, c=1, x=35, c=0, 
591, -1.848282, x=32, c=0, x=4, c=1, x=26, c=1, 
592, -1.888733, x=15, c=3, x=25, c=3, x=7, c=1, x=34, c=5, x=29, c=5, x=3, c=1, x=34, c=3, 
593, -1.886532, x=7, c=5, x=25, c=3, x=27, c=5, x=3, c=0, x=33, c=0, 
594, -1.987610, x=9, c=0, x=25, c=4, x=26, c=5, x=37, c=0, 
595, -1.932384, x=15, c=4, x=34, c=3, x=19, c=0, x=7, c=5, x=24, c=1, 
596, -1.843762, x=29, c=3, x=38, c=3, x=15, c=5, x=3, c=2, 
597, -1.787129, x=24, c=4, x=20, c=5, x=24, c=5, x=32, c=4, x=26, c=5, x=37, c=4, 
598, -1.934603, x=23, c=1, x=24, c=1, x=17, c=4, x=11, c=3, 
599, -2.079375, x=3, c=5, x=9, c=1, x=1, c=1, 
600, -1.933495, x=18, c=5, x=11, c=5, x=39, c=4, x=30, c=1, x=35, c=4, 
601, -1.907338, x=3, c=0, x=24, c=4, x=12, c=1, x=32, c=5, 
602, -1.889980, x=1, c=1, x=10, c=1, x=12, c=3, x=24, c=1, 
603, -1.940492, x=36, c=2, x=19, c=4, x=2, c=4, 
604, -1.903181, x=6, c=0, x=13, c=4, x=32, c=5, x=15, c=0, 
605, -1.864173, x=25, c=0, x=20, c=0, x=15, c=0, x=38, c=5, 
606, -1.863148, x=38, c=4, x=17, c=4, x=2, c=3, x=3, c=4, x=23, c=1, x=30, c=2, 
607, -2.016590, x=39, c=4, x=27, c=4, x=18, c=3, x=23, c=3, x=13, c=0, x=25, c=2, 
608, -1.890111, x=31, c=5, x=40, c=3, x=27, c=3, x=1, c=0, x=35, c=2, 
609, -1.885732, x=10, c=1, x=37, c=2, x=13, c=5, 
610, -1.864383, x=19, c=5, x=9, c=4, x=7, c=3, x=27, c=3, x=26, c=5, x=17, c=0, 
611, -1.876882, x=40, c=0, x=35, c=3, x=27, c=2, x=22, c=2, 
612, -1.869454, x=18, c=4, x=32, c=4, x=28, c=2, x=40, c=0, 
613, -1.910196, x=15, c=3, x=36, c=5, x=20, c=2, x=25, c=5, x=27, c=5, 
614, -1.866824, x=36, c=5, x=29, c=5, x=35, c=5, x=40, c=2, x=25, c=0, 
615, -1.884145, x=30, c=0, x=39, c=3, x=25, c=2, 
616, -1.883096, x=13, c=5, x=26, c=4, x=16, c=3, x=2, c=5, x=39, c=4, x=20, c=0, 
617, -1.856895, x=9, c=5, x=23, c=5, x=18, c=1, x=19, c=1, x=8, c=3, x=13, c=1, 
618, -1.891138, x=27, c=4, x=7, c=4, x=34, c=3, x=26, c=4, x=16, c=3, x=5, c=1, x=4, c=4, 
619, -1.777091, x=35, c=1, x=29, c=2, x=27, c=5, x=25, c=5, 
620, -1.894645, x=39, c=1, x=33, c=2, x=22, c=5, 
621, -1.961509, x=39, c=1, x=26, c=5, x=4, c=3, x=28, c=3, x=36, c=1, x=22, c=5, 
622, -1.902501, x=37, c=5, x=34, c=1, x=36, c=4, x=26, c=2, 
623, -2.003665, x=20, c=3, x=1, c=4, x=2, c=5, x=14, c=0, x=22, c=4, 
624, -1.951174, x=14, c=0, x=3, c=2, 
625, -1.886813, x=28, c=3, x=40, c=3, x=17, c=0, x=36, c=5, x=27, c=2, x=28, c=3, 
626, -1.835053, x=14, c=0, x=3, c=2, x=25, c=4, 
627, -1.956113, x=4, c=1, x=32, c=0, x=3, c=0, 
628, -1.890786, x=30, c=4, x=5, c=3, x=32, c=1, x=22, c=0, x=30, c=5, x=34, c=4, 
629, -1.924384, x=32, c=0, x=26, c=0, x=2, c=5, x=37, c=3, 
630, -1.886025, x=27, c=4, x=2, c=0, x=20, c=0, x=2, c=4, x=38, c=2, x=38, c=2, x=3, c=3, 
631, -1.879077, x=24, c=2, x=22, c=4, x=3, c=4, x=12, c=1, x=14, c=0, 
632, -1.877836, x=38, c=0, x=39, c=2, x=39, c=4, x=13, c=4, x=20, c=4, 
633, -1.853122, x=40, c=4, x=27, c=5, x=28, c=0, x=36, c=3, x=37, c=2, x=37, c=4, 
634, -1.858252, x=5, c=2, x=2, c=0, 
635, -1.819710, x=33, c=1, x=28, c=4, x=40, c=5, x=18, c=0, x=5, c=4, 
636, -1.900502, x=20, c=1, x=21, c=4, x=5, c=4, x=1, c=1, x=37, c=0, x=1, c=1, 
637, -1.845051, x=17, c=0, x=21, c=4, x=28, c=3, x=10, c=0, x=19, c=4, x=26, c=0, 
638, -1.813882, x=12, c=5, x=34, c=2, x=17, c=0, 
639, -1.986355, x=28, c=0, x=35, c=0, x=12, c=3, 
640, -1.908563, x=10, c=3, x=35, c=3, x=22, c=2, x=36, c=4, x=39, c=3, x=1, c=5, x=35, c=3, x=38, c=5, 
641, -1.842112, x=32, c=4, x=22, c=3, x=15, c=4, x=32, c=4, x=33, c=2, x=10, c=5, x=5, c=3, 
642, -1.942698, x=20, c=0, x=20, c=0, x=16, c=2, 
643, -2.043978, x=15, c=4, x=20, c=0, x=27, c=0, x=29, c=5, 
644, -1.939393, x=30, c=1, x=36, c=1, x=38, c=2, x=39, c=4, x=19, c=3, 
645, -1.823504, x=4, c=4, x=14, c=3, x=8, c=4, x=12, c=4, x=20, c=3, x=40, c=5, x=24, c=4, x=14, c=4, 
646, -1.925361, x=25, c=0, x=2, c=0, x=10, c=4, 
647, -1.743611, x=34, c=4, x=14, c=4, x=39, c=4, x=11, c=0, x=18, c=4, x=3, c=0, 
648, -1.928039, x=33, c=1, x=23, c=0, x=19, c=0, 
649, -2.027013, x=31, c=0, x=15, c=0, x=28, c=0, 
650, -1.874424, x=6, c=3, x=26, c=1, x=32, c=2, x=29, c=1, 
651, -1.950986, x=23, c=0, x=39, c=1, x=37, c=5, x=21, c=3, x=28, c=4, x=34, c=4, x=11, c=1, 
652, -1.778048, x=24, c=0, x=16, c=4, x=27, c=3, x=32, c=2, 
653, -1.896654, x=25, c=4, x=16, c=1, x=22, c=2, x=12, c=5, 
654, -1.983310, x=22, c=5, x=39, c=4, x=1, c=3, x=37, c=1, x=31, c=5, 
655, -1.838926, x=32, c=1, x=22, c=5, x=3, c=5, x=10, c=1, 
656, -1.849847, x=16, c=5, x=38, c=0, x=15, c=4, x=11, c=4, 
657, -2.105542, x=1, c=4, x=24, c=2, x=35, c=4, 
658, -1.860657, x=5, c=1, x=7, c=5, x=30, c=3, x=31, c=1, x=14, c=3, x=6, c=3, 
659, -1.751569, x=25, c=2, x=32, c=1, x=15, c=0, 
660, -1.940670, x=34, c=0, x=17, c=0, x=30, c=0, 
661, -1.913524, x=28, c=0, x=31, c=5, x=18, c=0, x=38, c=1, 
662, -1.888895, x=19, c=5, x=18, c=2, x=4, c=3, x=38, c=1, 
663, -1.768330, x=22, c=0, x=40, c=0, x=21, c=0, x=39, c=5, x=7, c=1, x=2, c=3, 
664, -1.922062, x=9, c=4, x=10, c=5, x=24, c=5, x=20, c=3, x=18, c=5, 
665, -2.019190, x=8, c=3, x=14, c=2, 
666, -1.866130, x=1, c=1, x=10, c=1, x=37, c=1, 
667, -1.926713, x=35, c=4, x=26, c=3, x=33, c=4, x=10, c=4, x=7, c=4, x=15, c=0, 
668, -1.889981, x=26, c=2, x=26, c=2, x=40, c=1, x=35, c=0, 
669, -1.909065, x=3, c=4, x=21, c=0, x=37, c=1, x=14, c=3, x=36, c=4, x=14, c=1, x=35, c=5, 
670, -1.976937, x=33, c=0, x=28, c=4, x=33, c=0, x=32, c=0, x=17, c=4, x=25, c=4, 
671, -1.975865, x=35, c=2, x=20, c=3, x=14, c=1, x=25, c=3, x=37, c=0, 
672, -1.981927, x=27, c=0, x=7, c=0, x=18, c=1, 
673, -1.904516, x=9, c=1, x=2, c=4, x=32, c=5, x=38, c=1, 
674, -1.874947, x=9, c=1, x=23, c=4, x=11, c=3, x=16, c=0, x=1, c=3, x=5, c=4, x=2, c=3, x=26, c=5, 
675, -1.914092, x=23, c=5, x=27, c=5, x=1, c=3, x=1, c=5, x=5, c=4, x=24, c=3, x=36, c=0, 
676, -1.953131, x=37, c=2, x=34, c=2, x=40, c=1, 
677, -2.106239, x=37, c=5, x=21, c=0, x=28, c=3, x=23, c=0, x=24, c=3, x=31, c=5, 
678, -1.897869, x=36, c=4, x=18, c=2, x=22, c=4, x=16, c=3, x=8, c=3, 
679, -1.865014, x=38, c=1, x=37, c=2, x=32, c=5, 
680, -1.874105, x=25, c=4, x=12, c=5, x=31, c=0, x=37, c=1, 
681, -1.918170, x=23, c=3, x=8, c=1, x=6, c=4, x=33, c=5, x=28, c=4, 
682, -1.873479, x=26, c=5, x=40, c=5, x=22, c=5, x=8, c=2, 
683, -1.948681, x=15, c=0, x=1, c=1, x=23, c=0, x=40, c=1, 
684, -1.923868, x=30, c=2, x=26, c=2, x=4, c=5, x=35, c=4, 
685, -1.874048, x=16, c=0, x=29, c=4, x=20, c=5, x=15, c=5, 
686, -1.882429, x=38, c=5, x=13, c=1, x=6, c=1, x=9, c=3, x=7, c=5, 
687, -1.938345, x=27, c=5, x=5, c=2, x=38, c=4, 
688, -1.900498, x=4, c=1, x=26, c=2, x=20, c=1, 
689, -1.773507, x=35, c=4, x=16, c=1, x=7, c=1, x=9, c=4, x=14, c=0, 
690, -2.019296, x=33, c=1, x=21, c=4, x=21, c=4, x=2, c=3, x=37, c=4, x=40, c=1, 
691, -1.985022, x=14, c=3, x=27, c=1, x=26, c=0, x=22, c=5, 
692, -1.862033, x=39, c=5, x=35, c=2, x=39, c=1, x=12, c=5, x=11, c=5, x=7, c=0, 
693, -1.863621, x=39, c=4, x=31, c=4, x=7, c=1, x=13, c=1, x=23, c=3, 
694, -1.916629, x=27, c=3, x=34, c=2, x=24, c=5, x=9, c=5, 
695, -1.836489, x=21, c=3, x=26, c=4, x=40, c=4, x=33, c=3, x=11, c=0, x=25, c=1, x=26, c=4, 
696, -1.759426, x=37, c=4, x=33, c=3, x=39, c=0, x=6, c=5, x=37, c=3, x=17, c=3, 
697, -1.925020, x=5, c=1, x=10, c=3, x=33, c=1, x=14, c=4, x=1, c=4, x=11, c=1, 
698, -1.880552, x=19, c=4, x=14, c=4, x=33, c=2, x=3, c=1, x=14, c=0, 
699, -1.916318, x=12, c=4, x=31, c=4, x=3, c=3, x=31, c=5, x=33, c=3, x=30, c=2, 
700, -1.915614, x=33, c=4, x=30, c=2, x=27, c=2, x=37, c=4, x=11, c=5, 
701, -1.819573, x=28, c=5, x=5, c=0, x=38, c=3, x=38, c=0, x=2, c=0, x=8, c=3, 
702, -1.839082, x=16, c=2, x=34, c=5, 
703, -1.866794, x=5, c=1, x=13, c=1, x=38, c=2, x=1, c=0, 
704, -1.905670, x=35, c=4, x=7, c=3, x=20, c=1, x=26, c=0, x=38, c=3, x=40, c=5, 
705, -1.848832, x=34, c=3, x=2, c=0, x=3, c=3, x=12, c=5, x=27, c=4, x=32, c=5, x=32, c=3, x=4, c=3, 
706, -1.953197, x=14, c=4, x=17, c=2, 
707, -2.031292, x=18, c=0, x=31, c=0, x=27, c=3, 
708, -1.966439, x=9, c=0, x=31, c=0, x=18, c=5, 
709, -1.993059, x=27, c=1, x=4, c=5, x=5, c=3, x=24, c=0, 
710, -1.888719, x=16, c=3, x=38, c=4, x=7, c=3, x=2, c=2, x=36, c=3, 
711, -2.030055, x=2, c=4, x=35, c=4, x=17, c=1, x=24, c=1, 
712, -1.970314, x=25, c=2, x=29, c=5, x=29, c=4, 
713, -1.940017, x=32, c=4, x=27, c=3, x=33, c=5, x=32, c=4, x=40, c=3, x=33, c=4, x=1, c=5, 
714, -1.859038, x=32, c=1, x=30, c=2, x=9, c=4, x=3, c=0, 
715, -1.845680, x=26, c=0, x=6, c=2, 
716, -1.931740, x=25, c=4, x=39, c=1, x=26, c=4, x=40, c=0, x=16, c=4, 
717, -1.939231, x=25, c=0, x=12, c=4, x=38, c=3, 
718, -1.956144, x=25, c=2, x=12, c=5, x=21, c=4, x=35, c=2, x=17, c=3, 
719, -1.898277, x=21, c=3, x=10, c=2, x=24, c=3, x=39, c=3, 
720, -1.863302, x=19, c=4, x=25, c=4, x=35, c=0, x=22, c=0, 
721, -2.078847, x=4, c=0, x=36, c=1, x=17, c=0, x=33, c=4, x=12, c=3, 
722, -1.917930, x=37, c=2, x=7, c=2, 
723, -1.948264, x=24, c=0, x=3, c=5, x=37, c=1, x=24, c=4, 
724, -2.097385, x=7, c=1, x=34, c=3, x=35, c=1, x=5, c=4, 
725, -1.826387, x=9, c=0, x=28, c=1, x=26, c=4, x=31, c=3, 
726, -1.878878, x=23, c=2, x=1, c=2, x=10, c=3, 
727, -1.763973, x=25, c=5, x=24, c=4, x=8, c=3, x=27, c=1, x=3, c=5, x=27, c=3, x=34, c=5, 
728, -1.865279, x=27, c=0, x=32, c=4, x=5, c=1, x=34, c=5, 
729, -2.002142, x=5, c=4, x=37, c=0, x=9, c=0, x=17, c=0, 
730, -1.902809, x=9, c=3, x=40, c=0, x=14, c=4, x=38, c=1, 
731, -1.879913, x=32, c=0, x=31, c=2, x=31, c=2, x=22, c=0, x=16, c=3, 
732, -1.869535, x=7, c=1, x=40, c=2, x=6, c=4, 
733, -1.915911, x=1, c=0, x=22, c=3, x=22, c=5, x=3, c=3, x=32, c=0, x=40, c=3, 
734, -1.878668, x=27, c=4, x=28, c=4, x=39, c=1, x=27, c=0, x=23, c=4, 
735, -1.890278, x=30, c=5, x=8, c=1, x=4, c=1, x=20, c=5, 
736, -1.983158, x=12, c=3, x=3, c=0, x=29, c=5, x=15, c=5, x=17, c=3, 
737, -1.941682, x=28, c=1, x=10, c=0, x=23, c=4, 
738, -1.934786, x=33, c=1, x=6, c=3, x=6, c=5, x=27, c=3, x=37, c=0, x=21, c=4, 
739, -1.921048, x=26, c=5, x=35, c=3, x=22, c=5, x=27, c=5, x=22, c=4, x=17, c=1, 
740, -1.944209, x=30, c=0, x=33, c=0, x=39, c=0, 
741, -1.936728, x=32, c=4, x=38, c=2, x=24, c=4, x=10, c=5, 
742, -1.882672, x=8, c=1, x=30, c=1, x=8, c=5, x=19, c=1, 
743, -1.856434, x=5, c=4, x=12, c=4, x=3, c=2, x=9, c=3, 
744, -1.934867, x=14, c=2, x=4, c=3, x=31, c=1, 
745, -1.836172, x=17, c=3, x=15, c=1, x=24, c=3, x=7, c=0, x=17, c=0, 
746, -1.999968, x=1, c=3, x=30, c=3, x=3, c=1, x=17, c=0, x=23, c=2, 
747, -1.898235, x=37, c=0, x=35, c=1, x=32, c=5, x=37, c=0, x=9, c=1, 
748, -1.898811, x=13, c=0, x=1, c=1, x=28, c=5, x=5, c=3, x=10, c=3, x=1, c=3, x=2, c=1, 
749, -1.939578, x=27, c=0, x=40, c=3, x=26, c=3, x=27, c=0, x=20, c=1, 
750, -1.931436, x=18, c=2, x=24, c=0, x=21, c=0, 
751, -1.909104, x=28, c=2, x=14, c=1, x=32, c=3, 
752, -1.898711, x=17, c=0, x=13, c=2, 
753, -1.899193, x=40, c=3, x=23, c=0, x=3, c=0, 
754, -1.907726, x=8, c=3, x=11, c=1, x=17, c=0, x=39, c=5, x=3, c=4, x=8, c=5, 
755, -1.923174, x=4, c=1, x=27, c=0, x=2, c=4, x=20, c=3, 
756, -1.962793, x=8, c=3, x=21, c=3, x=2, c=0, x=31, c=1, x=20, c=2, 
757, -1.901447, x=14, c=5, x=37, c=5, x=5, c=0, x=34, c=1, 
758, -1.964443, x=19, c=0, x=34, c=3, x=24, c=4, x=22, c=5, x=36, c=3, x=23, c=5, 
759, -1.948191, x=28, c=1, x=16, c=1, x=27, c=4, x=12, c=5, 
760, -1.847853, x=4, c=5, x=16, c=1, x=32, c=3, x=31, c=1, 
761, -1.858170, x=9, c=3, x=7, c=3, x=5, c=3, x=36, c=5, x=7, c=1, x=11, c=5, x=37, c=1, x=38, c=4, 
762, -2.105164, x=30, c=5, x=3, c=1, x=24, c=0, x=34, c=4, 
763, -1.905217, x=18, c=3, x=19, c=2, x=16, c=4, 
764, -1.994815, x=15, c=3, x=3, c=0, x=19, c=0, x=11, c=1, 
765, -1.903626, x=40, c=3, x=19, c=3, x=14, c=4, x=19, c=0, x=19, c=4, x=3, c=3, x=14, c=4, x=37, c=3, 
766, -1.904559, x=17, c=3, x=9, c=5, x=34, c=0, x=38, c=4, x=25, c=1, 
767, -1.989873, x=18, c=5, x=37, c=2, x=6, c=0, 
768, -1.908059, x=11, c=1, x=38, c=2, x=18, c=3, x=6, c=0, 
769, -1.963744, x=11, c=2, x=10, c=3, x=17, c=4, 
770, -1.994523, x=21, c=3, x=5, c=5, x=4, c=3, x=14, c=1, x=28, c=0, x=24, c=3, 
771, -1.895673, x=19, c=5, x=6, c=0, x=20, c=4, x=2, c=1, 
772, -1.918299, x=35, c=5, x=30, c=0, x=19, c=1, 
773, -1.894807, x=11, c=5, x=12, c=5, x=21, c=0, x=18, c=4, x=22, c=5, x=2, c=1, 
774, -1.897189, x=26, c=5, x=3, c=3, x=20, c=0, x=15, c=1, x=17, c=5, 
775, -1.838818, x=26, c=3, x=34, c=5, x=3, c=4, x=12, c=5, x=26, c=5, 
776, -1.894138, x=11, c=0, x=9, c=1, x=18, c=5, 
777, -1.936366, x=20, c=1, x=39, c=0, x=30, c=1, 
778, -1.917422, x=2, c=3, x=25, c=2, x=32, c=5, x=12, c=5, x=5, c=0, 
779, -1.991999, x=22, c=3, x=18, c=3, x=5, c=2, 
780, -1.933397, x=20, c=4, x=36, c=3, x=18, c=4, x=16, c=3, x=40, c=5, x=34, c=3, x=24, c=3, 
781, -1.890662, x=24, c=2, x=11, c=4, x=32, c=4, x=30, c=5, x=26, c=5, x=5, c=3, 
782, -1.949964, x=40, c=1, x=13, c=3, x=38, c=3, x=23, c=2, x=36, c=4, 
783, -1.987456, x=38, c=2, x=17, c=3, x=1, c=5, x=14, c=0, 
784, -1.972420, x=37, c=2, x=15, c=4, x=13, c=5, x=20, c=3, x=38, c=3, 
785, -1.877274, x=18, c=1, x=10, c=2, x=40, c=5, 
786, -1.941753, x=38, c=5, x=19, c=5, x=24, c=0, x=33, c=3, 
787, -1.908821, x=10, c=4, x=27, c=0, x=19, c=0, 
788, -1.901871, x=13, c=1, x=11, c=3, x=1, c=2, 
789, -1.870785, x=25, c=2, x=12, c=0, x=38, c=4, x=30, c=3, x=7, c=4, 
790, -1.801463, x=24, c=0, x=21, c=0, x=35, c=4, x=2, c=4, x=31, c=2, x=36, c=5, x=1, c=3, x=14, c=5, 
791, -1.920318, x=19, c=4, x=38, c=2, x=2, c=5, x=19, c=3, 
792, -1.944906, x=12, c=4, x=34, c=1, x=24, c=2, 
793, -2.070314, x=26, c=5, x=7, c=2, 
794, -1.917224, x=6, c=2, x=24, c=5, x=22, c=4, 
795, -1.869059, x=32, c=1, x=18, c=5, x=4, c=4, x=11, c=0, 
796, -1.875175, x=13, c=5, x=19, c=1, x=30, c=0, x=36, c=4, x=37, c=3, 
797, -1.867706, x=25, c=4, x=16, c=5, x=10, c=4, x=38, c=3, x=9, c=5, 
798, -1.991257, x=19, c=3, x=25, c=1, x=28, c=4, x=29, c=1, 
799, -1.874577, x=5, c=1, x=2, c=4, x=40, c=2, x=18, c=3, x=19, c=0, 
800, -1.878566, x=28, c=2, x=40, c=3, x=11, c=4, x=10, c=0, x=35, c=4, 
801, -2.006402, x=9, c=4, x=36, c=4, x=30, c=3, x=22, c=5, x=8, c=1, 
802, -1.959136, x=9, c=5, x=11, c=3, x=16, c=1, x=14, c=4, x=5, c=4, 
803, -1.915749, x=20, c=1, x=37, c=4, x=5, c=3, x=8, c=5, x=37, c=5, x=22, c=0, 
804, -1.779522, x=5, c=1, x=6, c=3, x=39, c=0, x=14, c=4, x=15, c=5, 
805, -1.850519, x=35, c=1, x=27, c=1, x=35, c=5, x=40, c=0, 
806, -1.856237, x=17, c=3, x=10, c=0, x=39, c=3, x=7, c=4, x=25, c=4, x=15, c=5, x=35, c=3, 
807, -1.883076, x=36, c=4, x=11, c=1, x=31, c=3, x=22, c=2, x=4, c=1, x=4, c=3, x=39, c=3, 
808, -1.982219, x=33, c=2, x=4, c=1, x=32, c=4, 
809, -1.900427, x=7, c=0, x=36, c=1, x=15, c=5, x=4, c=4, x=25, c=3, 
810, -1.814409, x=15, c=3, x=25, c=4, x=32, c=0, x=15, c=1, x=29, c=2, 
811, -1.889335, x=10, c=4, x=8, c=4, x=37, c=4, x=34, c=0, 
812, -1.815440, x=12, c=4, x=12, c=2, x=17, c=3, x=30, c=1, 
813, -1.888878, x=7, c=5, x=32, c=2, x=26, c=4, x=28, c=3, x=12, c=1, x=25, c=3, 
814, -1.864279, x=28, c=4, x=5, c=5, x=17, c=0, x=1, c=3, x=29, c=0, 
815, -1.840009, x=22, c=3, x=18, c=3, x=32, c=3, x=35, c=4, x=2, c=3, x=9, c=5, x=18, c=4, 
816, -1.889184, x=32, c=5, x=37, c=1, x=11, c=3, x=31, c=3, x=1, c=1, x=1, c=1, x=4, c=1, x=39, c=5, 
817, -1.885297, x=30, c=1, x=31, c=1, x=38, c=1, 
818, -1.967412, x=33, c=5, x=39, c=5, x=38, c=5, x=31, c=0, 
819, -1.808247, x=20, c=2, x=28, c=5, 
820, -1.776797, x=2, c=2, x=20, c=0, x=39, c=3, x=21, c=3, 
821, -1.798549, x=34, c=0, x=1, c=3, x=38, c=1, x=32, c=4, 
822, -1.906229, x=23, c=3, x=33, c=2, x=14, c=0, x=8, c=3, x=39, c=5, x=16, c=0, x=26, c=3, 
823, -1.919871, x=23, c=0, x=3, c=3, x=38, c=2, x=29, c=0, 
824, -1.838869, x=3, c=4, x=27, c=0, x=4, c=0, x=24, c=5, x=7, c=1, 
825, -1.885553, x=24, c=5, x=34, c=3, x=12, c=3, x=7, c=2, 
826, -1.923677, x=18, c=5, x=37, c=2, x=29, c=4, x=29, c=4, 
827, -1.883806, x=22, c=2, x=18, c=1, x=7, c=1, x=15, c=1, x=36, c=4, 
828, -1.888049, x=1, c=4, x=8, c=5, x=22, c=2, x=40, c=4, 
829, -1.870176, x=40, c=0, x=16, c=5, x=19, c=1, x=26, c=4, 
830, -1.957815, x=27, c=1, x=24, c=3, x=34, c=2, x=26, c=5, x=6, c=1, 
831, -1.929827, x=24, c=0, x=23, c=2, 
832, -1.959912, x=37, c=1, x=3, c=5, x=27, c=0, 
833, -1.790402, x=9, c=1, x=34, c=4, x=35, c=4, x=2, c=1, x=15, c=0, x=12, c=3, 
834, -1.857797, x=18, c=1, x=11, c=0, x=38, c=2, x=40, c=5, x=5, c=3, x=20, c=5, x=15, c=3, 
835, -1.963060, x=1, c=3, x=35, c=5, x=12, c=1, x=11, c=1, x=20, c=3, x=17, c=3, x=9, c=4, 
836, -1.903604, x=6, c=5, x=28, c=1, x=34, c=5, x=10, c=0, 
837, -1.820403, x=21, c=3, x=11, c=4, x=24, c=3, x=16, c=3, x=6, c=1, x=27, c=2, 
838, -1.882098, x=33, c=1, x=23, c=3, x=16, c=0, x=18, c=1, 
839, -1.867912, x=3, c=1, x=25, c=5, x=17, c=3, x=35, c=0, x=18, c=5, 
840, -1.890934, x=29, c=5, x=9, c=5, x=23, c=5, x=32, c=0, x=35, c=3, 
841, -1.996458, x=1, c=1, x=24, c=4, x=17, c=1, x=34, c=5, 
842, -1.878083, x=10, c=3, x=29, c=0, x=19, c=4, x=12, c=2, x=29, c=3, 
843, -1.886299, x=27, c=4, x=30, c=4, x=20, c=5, x=30, c=5, x=33, c=2, 
844, -1.890764, x=36, c=0, x=38, c=5, x=17, c=4, x=12, c=0, x=11, c=3, x=7, c=4, x=21, c=3, 
845, -1.865443, x=39, c=5, x=22, c=2, x=21, c=0, x=40, c=2, x=2, c=4, 
846, -1.968577, x=1, c=4, x=8, c=5, x=22, c=2, x=40, c=4, 
847, -1.931070, x=34, c=4, x=11, c=3, x=25, c=2, x=17, c=3, x=15, c=3, x=36, c=1, x=19, c=4, 
848, -1.950464, x=14, c=0, x=5, c=5, x=7, c=1, x=11, c=1, 
849, -1.798583, x=28, c=0, x=6, c=0, x=39, c=2, x=23, c=4, x=18, c=4, 
850, -1.842655, x=1, c=0, x=34, c=1, x=36, c=0, 
851, -1.919453, x=32, c=1, x=36, c=0, 
852, -1.957564, x=19, c=1, x=33, c=0, x=28, c=4, x=6, c=5, 
853, -1.921700, x=28, c=4, x=38, c=5, x=29, c=3, x=37, c=0, x=2, c=4, x=7, c=0, x=21, c=3, x=14, c=0, 
854, -1.820066, x=20, c=5, x=1, c=1, x=29, c=0, x=19, c=3, x=24, c=4, 
855, -1.922731, x=14, c=0, x=35, c=2, x=29, c=4, 
856, -1.926317, x=39, c=0, x=32, c=0, x=38, c=4, x=22, c=3, 
857, -1.900581, x=36, c=0, x=24, c=0, x=39, c=0, x=23, c=5, 
858, -1.934373, x=22, c=1, x=6, c=2, 
859, -1.846313, x=2, c=1, x=15, c=0, x=14, c=0, x=29, c=2, 
860, -1.953019, x=9, c=4, x=35, c=0, x=23, c=0, x=32, c=3, 
861, -1.800000, x=4, c=5, x=13, c=3, x=3, c=3, x=10, c=3, x=26, c=3, x=27, c=5, x=13, c=1, x=26, c=4, 
862, -1.956990, x=32, c=0, x=9, c=0, x=16, c=5, x=5, c=4, x=5, c=4, x=10, c=4, 
863, -1.831657, x=12, c=0, x=31, c=3, x=37, c=1, x=14, c=4, x=23, c=4, 
864, -1.973696, x=17, c=0, x=33, c=3, x=9, c=0, x=34, c=3, 
865, -1.933536, x=35, c=2, x=14, c=3, x=22, c=1, x=35, c=5, x=8, c=0, x=19, c=1, 
866, -1.947961, x=9, c=4, x=28, c=2, x=3, c=4, x=1, c=5, 
867, -1.898670, x=20, c=5, x=26, c=1, x=37, c=2, x=33, c=4, 
868, -1.873786, x=11, c=1, x=6, c=3, x=14, c=0, x=13, c=4, x=8, c=3, x=8, c=0, 
869, -1.927488, x=25, c=1, x=6, c=1, x=18, c=4, x=1, c=0, x=33, c=3, 
870, -1.905682, x=17, c=4, x=15, c=1, x=39, c=3, x=33, c=2, 
871, -1.919095, x=23, c=5, x=34, c=4, x=7, c=1, x=10, c=2, 
872, -1.956021, x=11, c=4, x=40, c=0, x=33, c=4, x=23, c=4, 
873, -1.942240, x=26, c=5, x=10, c=0, x=39, c=2, x=40, c=5, x=21, c=0, 
874, -1.854472, x=40, c=5, x=1, c=5, x=27, c=3, x=17, c=3, x=14, c=0, 
875, -2.057617, x=27, c=1, x=5, c=0, x=9, c=5, 
876, -1.964556, x=3, c=2, x=21, c=3, x=14, c=3, x=15, c=1, 
877, -1.759861, x=39, c=2, x=30, c=4, x=25, c=4, x=3, c=4, x=19, c=4, 
878, -1.858264, x=9, c=0, x=27, c=1, x=40, c=4, x=18, c=1, x=28, c=1, x=20, c=3, 
879, -1.928163, x=35, c=1, x=8, c=5, x=5, c=1, x=11, c=5, 
880, -1.915013, x=29, c=4, x=7, c=1, x=27, c=2, 
881, -1.909568, x=15, c=4, x=28, c=0, x=26, c=0, x=12, c=0, 
882, -1.834160, x=3, c=3, x=26, c=0, x=14, c=2, 
883, -1.875561, x=4, c=0, x=40, c=3, x=25, c=2, x=22, c=2, 
884, -1.861093, x=5, c=4, x=17, c=0, x=2, c=3, x=38, c=0, x=3, c=1, 
885, -1.970666, x=24, c=2, x=11, c=1, x=19, c=3, x=13, c=0, x=40, c=3, x=11, c=5, 
886, -2.217458, x=5, c=3, x=3, c=2, 
887, -1.903563, x=17, c=1, x=23, c=4, x=32, c=0, 
888, -1.791645, x=20, c=3, x=6, c=3, x=20, c=1, x=4, c=5, x=38, c=3, x=1, c=5, 
889, -1.964221, x=18, c=0, x=37, c=1, x=22, c=0, 
890, -1.927521, x=12, c=3, x=20, c=5, x=15, c=2, 
891, -2.060839, x=15, c=2, x=9, c=3, x=10, c=0, 
892, -1.938642, x=24, c=3, x=2, c=2, 
893, -1.915367, x=6, c=5, x=28, c=0, x=27, c=4, x=10, c=1, x=19, c=3, 
894, -1.917111, x=1, c=1, x=4, c=4, x=5, c=5, x=10, c=3, x=40, c=5, x=15, c=4, x=30, c=5, x=21, c=4, 
895, -1.917373, x=39, c=4, x=38, c=3, x=9, c=1, x=28, c=0, x=34, c=3, 
896, -1.883343, x=34, c=1, x=5, c=4, x=35, c=0, x=22, c=5, x=20, c=1, 
897, -1.835691, x=40, c=5, x=39, c=3, x=25, c=1, x=34, c=0, x=12, c=3, 
898, -1.890028, x=2, c=2, x=25, c=0, 
899, -1.899458, x=40, c=2, x=12, c=1, x=1, c=1, 
900, -1.874573, x=10, c=5, x=28, c=4, x=5, c=1, x=23, c=5, x=26, c=2, 
901, -2.037608, x=30, c=3, x=26, c=1, x=16, c=3, x=29, c=5, x=19, c=4, 
902, -1.879505, x=8, c=3, x=28, c=5, x=7, c=3, x=39, c=2, x=20, c=1, x=13, c=0, 
903, -1.774271, x=35, c=1, x=20, c=5, x=17, c=1, 
904, -1.860848, x=23, c=0, x=9, c=5, x=34, c=2, 
905, -1.916914, x=32, c=3, x=1, c=5, x=27, c=3, x=17, c=0, x=11, c=3, x=25, c=0, 
906, -1.985777, x=37, c=0, x=27, c=1, x=8, c=0, 
907, -1.877676, x=13, c=5, x=28, c=3, x=27, c=5, x=9, c=3, x=28, c=3, x=39, c=2, 
908, -1.918306, x=27, c=2, x=16, c=1, x=3, c=3, x=8, c=1, x=3, c=5, 
909, -1.884265, x=15, c=0, x=10, c=3, x=2, c=2, 
910, -1.910341, x=5, c=3, x=1, c=3, x=29, c=0, x=30, c=4, x=15, c=1, x=13, c=3, x=1, c=4, 
911, -1.873606, x=5, c=2, x=34, c=2, 
912, -1.826991, x=39, c=1, x=26, c=2, x=19, c=5, 
913, -1.932366, x=18, c=2, x=16, c=0, x=23, c=4, 
914, -1.931612, x=28, c=3, x=2, c=0, x=7, c=2, 
915, -1.930554, x=5, c=2, x=18, c=1, 
916, -2.023939, x=1, c=5, x=35, c=5, x=27, c=0, x=24, c=0, 
917, -1.915230, x=14, c=3, x=20, c=0, x=33, c=3, x=11, c=0, x=35, c=5, 
918, -1.957175, x=16, c=0, x=35, c=1, 
919, -1.967135, x=3, c=3, x=15, c=3, x=9, c=1, x=14, c=5, x=10, c=4, 
920, -1.934940, x=11, c=5, x=7, c=3, x=37, c=1, x=38, c=2, 
921, -1.986764, x=38, c=2, x=23, c=0, x=29, c=2, 
922, -1.835840, x=39, c=1, x=38, c=3, x=17, c=5, x=19, c=1, x=29, c=4, 
923, -1.797800, x=21, c=3, x=14, c=5, x=20, c=1, x=32, c=1, x=10, c=3, x=34, c=5, 
924, -1.894491, x=32, c=5, x=33, c=0, x=23, c=5, x=30, c=5, x=34, c=3, x=29, c=5, 
925, -1.887562, x=23, c=2, x=26, c=5, x=29, c=2, 
926, -1.840319, x=3, c=5, x=19, c=0, x=12, c=0, x=28, c=5, 
927, -1.867952, x=30, c=0, x=9, c=1, x=6, c=5, x=13, c=1, 
928, -1.856853, x=33, c=0, x=8, c=4, x=7, c=1, x=29, c=3, 
929, -1.967270, x=27, c=3, x=35, c=0, x=18, c=3, x=29, c=4, x=17, c=4, x=1, c=0, x=7, c=3, 
930, -2.037375, x=35, c=3, x=24, c=0, x=20, c=0, 
931, -1.854964, x=1, c=4, x=18, c=4, x=23, c=3, x=33, c=0, x=16, c=5, x=1, c=0, 
932, -1.881265, x=27, c=5, x=37, c=3, x=38, c=1, x=25, c=4, 
933, -1.904527, x=3, c=5, x=34, c=0, x=28, c=1, 
934, -1.763153, x=1, c=0, x=15, c=4, x=18, c=0, x=6, c=0, 
935, -2.310657, x=4, c=5, x=21, c=3, x=29, c=0, x=25, c=5, 
936, -1.919810, x=5, c=4, x=29, c=1, x=27, c=0, x=15, c=0, 
937, -1.857865, x=20, c=3, x=5, c=2, x=12, c=5, x=29, c=4, 
938, -1.947486, x=2, c=1, x=29, c=3, x=32, c=2, 
939, -1.945058, x=11, c=2, x=40, c=2, 
940, -1.816107, x=34, c=5, x=20, c=3, x=13, c=0, x=36, c=4, x=31, c=1, 
941, -2.021305, x=3, c=3, x=23, c=1, x=4, c=1, x=37, c=4, x=4, c=5, x=7, c=3, 
942, -1.896305, x=6, c=0, x=9, c=0, x=1, c=4, x=28, c=5, x=37, c=0, 
943, -1.945789, x=39, c=4, x=40, c=5, x=31, c=0, x=13, c=1, x=6, c=1, 
944, -1.925712, x=36, c=5, x=16, c=5, x=13, c=0, x=6, c=4, x=21, c=0, x=34, c=1, 
945, -1.816158, x=9, c=0, x=39, c=4, x=33, c=4, x=5, c=0, x=12, c=1, x=5, c=3, x=11, c=1, 
946, -1.838819, x=12, c=1, x=22, c=1, 
947, -2.043712, x=11, c=4, x=38, c=1, x=17, c=1, 
948, -1.858874, x=20, c=5, x=16, c=5, x=30, c=2, x=6, c=5, 
949, -1.868190, x=8, c=1, x=39, c=1, x=35, c=3, x=14, c=5, 
950, -1.925645, x=24, c=5, x=14, c=0, x=17, c=5, x=40, c=4, x=26, c=2, 
951, -1.995308, x=16, c=0, x=5, c=5, x=2, c=0, x=34, c=3, 
952, -1.989003, x=38, c=0, x=8, c=3, x=21, c=4, x=37, c=5, x=6, c=3, x=40, c=4, x=9, c=1, x=18, c=3, 
953, -1.860355, x=38, c=4, x=13, c=1, x=26, c=4, x=22, c=2, 
954, -1.931326, x=14, c=0, x=40, c=3, x=1, c=3, x=17, c=1, x=26, c=1, 
955, -1.931874, x=3, c=4, x=23, c=3, x=1, c=3, x=39, c=4, x=8, c=3, x=30, c=2, x=20, c=4, 
956, -1.856472, x=15, c=1, x=23, c=0, x=16, c=5, x=39, c=3, x=26, c=5, x=15, c=1, 
957, -1.864099, x=13, c=4, x=4, c=1, x=28, c=0, x=8, c=3, x=19, c=5, 
958, -1.833477, x=3, c=5, x=26, c=4, x=39, c=1, x=32, c=0, 
959, -1.940444, x=1, c=3, x=31, c=0, x=30, c=3, x=24, c=2, x=23, c=5, x=23, c=3, 
960, -1.955576, x=33, c=4, x=35, c=5, x=39, c=1, x=22, c=2, x=29, c=4, x=22, c=2, 
961, -1.893461, x=20, c=0, x=38, c=3, x=24, c=0, x=28, c=1, 
962, -1.879211, x=22, c=1, x=15, c=3, x=18, c=3, x=32, c=4, x=32, c=4, x=19, c=3, x=20, c=4, x=27, c=3, 
963, -1.855288, x=30, c=4, x=6, c=3, x=7, c=0, x=26, c=3, x=15, c=0, x=25, c=4, x=19, c=3, 
964, -1.759092, x=19, c=0, x=4, c=0, x=16, c=4, x=11, c=3, x=22, c=1, 
965, -1.964297, x=4, c=3, x=32, c=4, x=39, c=4, x=6, c=4, x=39, c=5, x=40, c=3, x=38, c=5, 
966, -1.916439, x=23, c=4, x=37, c=5, x=25, c=1, x=11, c=3, x=23, c=3, 
967, -1.934055, x=37, c=4, x=15, c=3, x=3, c=5, x=39, c=4, x=21, c=0, x=25, c=4, x=34, c=2, 
968, -1.902961, x=33, c=1, x=20, c=3, x=8, c=2, x=39, c=3, 
969, -1.886973, x=4, c=0, x=11, c=1, x=28, c=2, x=32, c=5, 
970, -1.849276, x=28, c=2, x=24, c=1, x=29, c=3, x=10, c=3, 
971, -1.883458, x=35, c=4, x=12, c=3, x=19, c=4, x=20, c=2, 
972, -1.967404, x=6, c=1, x=14, c=2, 
973, -1.833678, x=3, c=3, x=4, c=3, x=8, c=4, x=31, c=5, x=7, c=4, x=18, c=4, x=7, c=0, x=22, c=2, x=15, c=3, 
974, -1.939494, x=10, c=1, x=1, c=5, x=16, c=5, x=15, c=4, 
975, -1.834810, x=13, c=5, x=29, c=2, x=25, c=1, x=39, c=4, 
976, -1.760910, x=12, c=2, x=39, c=4, 
977, -1.984588, x=19, c=4, x=33, c=5, x=25, c=0, x=6, c=0, x=3, c=0, 
978, -1.945422, x=33, c=1, x=12, c=3, x=17, c=5, x=34, c=1, 
979, -1.964032, x=12, c=1, x=1, c=4, x=21, c=4, x=35, c=3, x=2, c=0, 
980, -1.935259, x=10, c=5, x=9, c=4, x=29, c=0, 
981, -1.873845, x=20, c=0, x=37, c=3, x=26, c=1, x=17, c=4, x=18, c=3, x=12, c=4, x=26, c=3, 
982, -1.879861, x=7, c=5, x=12, c=0, x=27, c=0, x=37, c=0, 
983, -2.067978, x=26, c=4, x=36, c=1, x=34, c=5, x=40, c=3, x=27, c=5, 
984, -1.996595, x=36, c=2, x=7, c=4, x=15, c=5, x=33, c=4, 
985, -1.932790, x=17, c=1, x=35, c=1, x=30, c=1, x=21, c=4, 
986, -1.890653, x=28, c=1, x=2, c=2, 
987, -1.923773, x=32, c=5, x=26, c=3, x=10, c=5, x=26, c=5, x=32, c=2, x=36, c=4, 
988, -1.872359, x=38, c=2, x=1, c=5, x=27, c=3, x=9, c=3, x=35, c=3, x=21, c=3, x=14, c=3, x=17, c=4, 
989, -1.888615, x=11, c=3, x=28, c=2, x=33, c=4, x=27, c=1, 
990, -1.883023, x=29, c=4, x=11, c=3, x=10, c=5, x=36, c=3, x=3, c=5, x=16, c=4, x=18, c=5, 
991, -1.978332, x=27, c=3, x=32, c=5, x=18, c=2, 
992, -1.798363, x=39, c=4, x=25, c=3, x=5, c=0, x=4, c=5, x=24, c=0, x=19, c=5, 
993, -1.928524, x=1, c=0, x=27, c=3, x=8, c=3, x=12, c=4, x=23, c=5, x=6, c=5, 
994, -1.877516, x=28, c=4, x=26, c=4, x=40, c=3, x=16, c=4, x=37, c=4, 
995, -1.935948, x=30, c=0, x=4, c=5, x=9, c=3, x=9, c=5, x=29, c=3, x=3, c=5, 
996, -1.904903, x=1, c=4, x=3, c=0, x=5, c=1, x=26, c=2, x=39, c=3, 
997, -1.957964, x=5, c=2, x=13, c=4, x=31, c=3, 
998, -2.005064, x=40, c=3, x=23, c=0, x=3, c=0, 
999, -1.924380, x=20, c=3, x=7, c=5, x=30, c=2, x=32, c=0, x=15, c=3, x=16, c=3, x=38, c=4, 
1000, -1.888787, x=24, c=0, x=20, c=1, x=1, c=0, 
1001, -1.966966, x=30, c=5, x=40, c=5, x=28, c=5, x=31, c=2, x=19, c=0, 
1002, -1.890884, x=30, c=0, x=28, c=5, x=8, c=4, x=21, c=3, x=18, c=5, x=38, c=4, 
1003, -1.975172, x=2, c=0, x=39, c=5, x=33, c=2, x=38, c=1, 
1004, -1.968487, x=6, c=4, x=27, c=0, x=13, c=3, x=38, c=0, x=27, c=4, 
1005, -1.971573, x=35, c=3, x=23, c=2, x=34, c=5, x=12, c=1, 
1006, -1.889455, x=22, c=3, x=12, c=1, x=8, c=1, x=31, c=1, 
1007, -1.875816, x=13, c=5, x=31, c=0, x=36, c=0, x=1, c=3, 
1008, -1.771891, x=17, c=1, x=38, c=1, x=33, c=4, x=32, c=3, 
1009, -1.926913, x=9, c=0, x=34, c=5, x=5, c=5, x=11, c=0, x=25, c=0, x=2, c=4, 
1010, -1.937069, x=13, c=5, x=23, c=3, x=30, c=5, x=2, c=1, x=33, c=1, 
1011, -1.905938, x=5, c=5, x=37, c=1, x=21, c=0, x=33, c=4, x=7, c=1, x=28, c=4, x=7, c=5, 
1012, -1.948304, x=25, c=3, x=38, c=3, x=35, c=1, x=34, c=4, x=32, c=4, 
1013, -1.878168, x=1, c=1, x=35, c=3, x=30, c=5, x=25, c=4, x=26, c=2, 
1014, -1.941734, x=26, c=1, x=38, c=3, x=4, c=0, x=1, c=4, 
1015, -1.886862, x=19, c=1, x=20, c=2, x=21, c=4, 
1016, -1.751894, x=5, c=5, x=33, c=4, x=14, c=2, x=9, c=4, 
1017, -1.880837, x=36, c=1, x=37, c=2, x=36, c=3, x=1, c=1, 
1018, -1.869878, x=4, c=0, x=13, c=1, x=20, c=5, x=5, c=5, x=5, c=3, 
1019, -1.973496, x=40, c=4, x=7, c=3, x=38, c=4, x=34, c=3, x=31, c=3, x=7, c=1, 
1020, -1.832117, x=20, c=5, x=15, c=2, x=11, c=5, 
1021, -1.899139, x=8, c=5, x=20, c=5, x=13, c=4, x=27, c=4, x=33, c=0, 
1022, -1.919838, x=20, c=2, x=11, c=3, x=34, c=4, 
1023, -1.770347, x=31, c=0, x=35, c=1, x=7, c=5, x=13, c=3, 
1024, -1.943456, x=35, c=2, x=3, c=1, x=33, c=2, x=19, c=4, 
1025, -2.076142, x=22, c=0, x=29, c=1, 
1026, -1.936450, x=27, c=0, x=38, c=2, x=5, c=3, 
1027, -1.953273, x=7, c=4, x=30, c=4, x=34, c=2, x=3, c=4, 
1028, -1.812823, x=12, c=0, x=18, c=1, x=18, c=3, x=24, c=5, x=36, c=4, x=9, c=1, 
1029, -1.962833, x=36, c=0, x=11, c=1, x=28, c=2, x=30, c=3, 
1030, -1.959561, x=36, c=4, x=1, c=4, x=40, c=2, x=7, c=0, 
1031, -1.919623, x=37, c=5, x=39, c=1, x=34, c=5, x=11, c=5, x=39, c=3, x=24, c=5, 
1032, -1.923682, x=28, c=4, x=15, c=4, x=24, c=2, x=2, c=1, x=28, c=0, 
1033, -1.877531, x=6, c=2, x=16, c=4, x=31, c=3, 
1034, -1.897859, x=36, c=0, x=21, c=0, x=16, c=3, x=33, c=0, x=1, c=0, x=10, c=3, x=16, c=5, 
1035, -1.857059, x=4, c=5, x=34, c=3, x=3, c=5, x=1, c=3, x=14, c=4, x=15, c=4, 
1036, -1.877863, x=37, c=2, x=29, c=4, x=3, c=5, x=7, c=1, 
1037, -2.063901, x=23, c=1, x=4, c=4, x=18, c=1, 
1038, -2.048577, x=4, c=0, x=24, c=5, x=36, c=2, 
1039, -1.859092, x=33, c=4, x=2, c=4, x=7, c=3, x=23, c=2, x=15, c=5, 
1040, -1.988548, x=23, c=5, x=7, c=1, x=15, c=3, x=2, c=0, x=18, c=5, 
1041, -1.902159, x=12, c=3, x=15, c=5, x=26, c=2, x=27, c=1, x=16, c=5, 
1042, -1.855249, x=9, c=2, x=13, c=5, 
1043, -1.845017, x=7, c=1, x=32, c=1, x=34, c=1, 
1044, -1.928599, x=7, c=1, x=14, c=5, x=19, c=5, x=4, c=5, x=18, c=5, x=29, c=5, 
1045, -2.137773, x=25, c=5, x=13, c=5, x=14, c=3, x=10, c=3, x=31, c=2, x=27, c=3, 
1046, -1.907232, x=35, c=1, x=23, c=5, x=23, c=5, x=3, c=4, x=29, c=3, 
1047, -1.859932, x=23, c=1, x=7, c=1, x=29, c=4, x=10, c=5, 
1048, -1.904169, x=15, c=1, x=14, c=2, x=14, c=5, 
1049, -1.931701, x=28, c=5, x=5, c=1, x=32, c=1, x=24, c=5, 
1050, -2.050796, x=40, c=3, x=30, c=2, x=25, c=1, 
1051, -1.979209, x=29, c=5, x=18, c=0, x=16, c=5, x=35, c=4, x=10, c=0, 
1052, -1.946485, x=17, c=5, x=14, c=4, x=32, c=0, x=8, c=3, 
1053, -1.834487, x=25, c=2, x=29, c=1, x=29, c=3, x=20, c=5, 
1054, -1.924779, x=4, c=5, x=35, c=4, x=22, c=4, x=38, c=2, x=18, c=5, 
1055, -1.934542, x=33, c=1, x=25, c=2, 
1056, -1.853944, x=1, c=5, x=14, c=1, x=10, c=1, x=22, c=5, 
1057, -1.929230, x=14, c=5, x=9, c=3, x=21, c=4, x=38, c=3, x=32, c=4, x=30, c=2, x=24, c=3, 
1058, -1.862142, x=39, c=2, x=38, c=5, x=26, c=3, x=31, c=1, x=4, c=0, 
1059, -1.844876, x=19, c=2, x=40, c=0, 
1060, -1.911073, x=27, c=2, x=19, c=3, x=22, c=4, x=35, c=4, x=31, c=4, 
1061, -1.840448, x=31, c=3, x=11, c=2, x=25, c=3, 
1062, -1.914774, x=10, c=1, x=4, c=5, x=6, c=5, 
1063, -1.861094, x=12, c=0, x=2, c=1, x=39, c=1, x=25, c=1, 
1064, -1.887924, x=2, c=1, x=6, c=4, x=14, c=3, x=24, c=4, x=21, c=3, x=22, c=1, x=33, c=4, 
1065, -1.856789, x=33, c=0, x=8, c=1, x=26, c=1, 
1066, -1.861041, x=36, c=4, x=10, c=4, x=9, c=3, x=18, c=5, x=7, c=5, x=33, c=2, 
1067, -1.873035, x=1, c=3, x=35, c=2, x=23, c=2, x=16, c=3, 
1068, -1.957378, x=27, c=0, x=9, c=5, x=25, c=1, 
1069, -1.972388, x=28, c=3, x=10, c=3, x=12, c=5, x=36, c=1, x=14, c=0, 
1070, -1.950912, x=23, c=4, x=27, c=4, x=15, c=3, x=33, c=0, x=29, c=5, 
1071, -1.861919, x=34, c=2, x=40, c=4, x=8, c=0, x=17, c=4, x=13, c=4, 
1072, -1.913346, x=37, c=2, x=15, c=1, x=1, c=1, 
1073, -1.896733, x=27, c=0, x=32, c=5, x=24, c=1, x=20, c=3, 
1074, -1.881802, x=9, c=0, x=25, c=0, x=15, c=4, x=26, c=1, x=21, c=4, 
1075, -1.901466, x=35, c=2, x=14, c=4, x=5, c=0, x=14, c=4, x=5, c=4, x=17, c=0, 
1076, -1.842376, x=11, c=4, x=10, c=2, x=36, c=3, 
1077, -1.870633, x=39, c=5, x=31, c=4, x=23, c=4, x=34, c=4, x=18, c=3, x=37, c=1, 
1078, -1.815329, x=28, c=0, x=16, c=3, x=13, c=0, x=6, c=4, 
1079, -1.886140, x=16, c=0, x=14, c=0, x=29, c=4, x=31, c=3, x=7, c=1, 
1080, -1.918023, x=36, c=1, x=39, c=1, x=34, c=3, x=20, c=4, 
1081, -1.943243, x=12, c=3, x=21, c=4, x=8, c=0, x=32, c=1, x=28, c=4, x=13, c=3, x=5, c=1, 
1082, -1.940728, x=9, c=4, x=3, c=1, x=31, c=1, x=19, c=4, 
1083, -1.858186, x=12, c=4, x=37, c=5, x=11, c=4, x=39, c=5, x=3, c=1, 
1084, -1.938079, x=33, c=3, x=10, c=1, x=24, c=4, x=35, c=2, 
1085, -2.021611, x=21, c=4, x=34, c=1, x=11, c=0, x=38, c=2, 
1086, -1.830679, x=25, c=1, x=3, c=4, x=13, c=4, 
1087, -1.827758, x=3, c=3, x=35, c=4, x=18, c=4, x=1, c=3, x=9, c=5, x=38, c=4, x=24, c=3, 
1088, -1.867963, x=36, c=2, x=26, c=0, x=34, c=1, x=34, c=1, 
1089, -1.861962, x=3, c=4, x=34, c=1, x=1, c=1, x=36, c=3, 
1090, -1.983574, x=24, c=1, x=25, c=1, x=18, c=3, x=1, c=0, 
1091, -1.881378, x=17, c=5, x=26, c=1, x=8, c=0, x=13, c=0, 
1092, -1.992542, x=16, c=5, x=9, c=1, x=18, c=5, x=25, c=2, 
1093, -1.865248, x=3, c=1, x=23, c=2, x=25, c=3, x=14, c=0, 
1094, -1.908393, x=16, c=3, x=22, c=5, x=7, c=0, x=12, c=0, x=18, c=0, 
1095, -1.881670, x=8, c=5, x=36, c=5, x=29, c=4, x=10, c=0, x=31, c=1, 
1096, -1.879458, x=3, c=2, x=4, c=4, x=22, c=3, x=16, c=3, 
1097, -1.975493, x=32, c=5, x=26, c=3, x=10, c=5, x=26, c=5, x=32, c=2, x=36, c=4, 
1098, -1.929365, x=15, c=1, x=5, c=5, x=27, c=4, x=32, c=2, 
1099, -1.881729, x=39, c=4, x=27, c=5, x=34, c=4, x=15, c=4, x=36, c=3, x=10, c=1, x=14, c=4, 
1100, -1.941994, x=40, c=0, x=24, c=4, x=37, c=5, 
1101, -1.868065, x=37, c=5, x=23, c=5, x=8, c=3, x=24, c=4, x=4, c=1, x=3, c=4, 
1102, -1.900480, x=34, c=3, x=40, c=0, x=39, c=1, x=18, c=3, 
1103, -1.943416, x=39, c=5, x=17, c=0, x=39, c=1, x=14, c=4, x=11, c=0, x=22, c=5, x=17, c=4, 
1104, -1.886061, x=34, c=2, x=3, c=4, x=26, c=2, 
1105, -1.946204, x=30, c=5, x=9, c=4, x=16, c=5, x=17, c=1, x=2, c=3, x=17, c=1, 
1106, -1.884484, x=2, c=3, x=27, c=4, x=4, c=4, x=29, c=2, 
1107, -1.868260, x=7, c=0, x=15, c=3, x=28, c=3, x=1, c=4, x=39, c=2, x=36, c=4, 
1108, -1.932189, x=27, c=4, x=16, c=2, x=18, c=0, 
1109, -1.813138, x=30, c=3, x=30, c=3, x=34, c=2, x=33, c=3, x=35, c=3, x=31, c=4, x=21, c=0, x=29, c=3, 
1110, -1.865650, x=11, c=5, x=40, c=2, x=2, c=0, x=22, c=2, x=22, c=2, 
1111, -1.931409, x=34, c=5, x=20, c=3, x=6, c=5, x=16, c=5, x=30, c=4, x=8, c=4, 
1112, -1.912545, x=33, c=4, x=24, c=4, x=5, c=2, x=21, c=4, x=31, c=3, x=33, c=4, 
1113, -1.925438, x=31, c=1, x=24, c=4, x=1, c=0, x=10, c=4, x=29, c=5, x=7, c=3, 
1114, -1.967981, x=7, c=1, x=29, c=5, x=24, c=5, x=33, c=0, x=29, c=5, 
1115, -2.033444, x=37, c=0, x=20, c=0, x=27, c=5, 
1116, -1.986747, x=3, c=1, x=29, c=1, x=4, c=5, 
1117, -1.920344, x=14, c=1, x=34, c=4, x=16, c=5, x=9, c=0, x=12, c=4, x=33, c=5, 
1118, -1.944259, x=30, c=1, x=18, c=0, x=15, c=1, 
1119, -1.858182, x=23, c=1, x=21, c=3, x=10, c=5, x=27, c=1, x=35, c=1, 
1120, -1.916945, x=33, c=3, x=2, c=3, x=26, c=0, x=20, c=1, 
1121, -1.910403, x=14, c=2, x=26, c=1, 
1122, -1.953173, x=22, c=2, x=26, c=5, x=36, c=1, x=5, c=1, 
1123, -1.973177, x=9, c=1, x=40, c=0, x=2, c=1, x=31, c=3, 
1124, -2.104078, x=27, c=3, x=25, c=3, x=19, c=0, x=34, c=5, 
1125, -1.990337, x=3, c=4, x=17, c=4, x=22, c=1, x=25, c=0, x=38, c=5, 
1126, -2.020682, x=36, c=1, x=11, c=3, x=35, c=3, x=26, c=5, x=14, c=5, 
1127, -1.931451, x=1, c=5, x=29, c=0, x=34, c=4, x=10, c=1, 
1128, -1.866415, x=37, c=5, x=10, c=0, x=10, c=0, x=26, c=2, x=28, c=3, x=11, c=0, 
1129, -1.920718, x=9, c=1, x=34, c=4, x=35, c=4, x=2, c=1, x=15, c=0, x=12, c=3, 
1130, -1.874474, x=31, c=2, x=19, c=4, x=24, c=5, x=28, c=5, x=34, c=0, 
1131, -1.927995, x=36, c=0, x=8, c=4, x=24, c=0, x=21, c=3, x=24, c=0, 
1132, -2.015691, x=31, c=0, x=32, c=3, x=22, c=0, 
1133, -1.943409, x=5, c=1, x=15, c=5, x=3, c=3, x=12, c=1, x=9, c=4, x=6, c=1, 
1134, -1.905068, x=29, c=3, x=11, c=2, x=19, c=0, x=28, c=5, 
1135, -1.944114, x=24, c=1, x=12, c=1, x=40, c=2, 
1136, -1.908210, x=4, c=4, x=3, c=4, x=1, c=1, x=37, c=1, 
1137, -1.949995, x=17, c=5, x=7, c=5, x=30, c=5, x=24, c=5, x=27, c=5, 
1138, -1.997279, x=15, c=0, x=21, c=4, x=20, c=3, x=26, c=0, x=37, c=3, x=38, c=2, x=9, c=3, 
1139, -2.011065, x=7, c=5, x=1, c=4, x=27, c=0, x=23, c=3, 
1140, -1.868790, x=15, c=5, x=33, c=2, x=7, c=5, x=27, c=2, 
1141, -1.890674, x=27, c=3, x=9, c=5, x=19, c=4, x=21, c=3, x=26, c=3, x=31, c=4, x=2, c=1, 
1142, -2.029791, x=10, c=1, x=5, c=5, x=4, c=4, x=13, c=4, 
1143, -1.937159, x=35, c=2, x=40, c=0, 
1144, -1.916562, x=2, c=4, x=38, c=3, x=18, c=1, x=13, c=5, x=19, c=5, 
1145, -1.979344, x=9, c=3, x=8, c=5, x=36, c=1, x=33, c=4, 
1146, -2.099079, x=33, c=2, x=26, c=0, x=2, c=5, 
1147, -1.896481, x=6, c=5, x=31, c=3, x=26, c=3, x=9, c=1, x=22, c=4, 
1148, -1.908950, x=5, c=1, x=9, c=0, x=36, c=5, x=4, c=4, x=1, c=5, 
1149, -1.854044, x=27, c=4, x=22, c=4, x=22, c=2, x=18, c=3, x=8, c=0, x=30, c=4, 
1150, -1.870687, x=32, c=4, x=11, c=1, x=20, c=3, x=14, c=4, x=27, c=4, x=28, c=4, x=38, c=3, x=37, c=3, x=38, c=3, 
1151, -1.862131, x=12, c=0, x=15, c=0, x=40, c=3, x=22, c=1, x=7, c=5, 
1152, -1.905721, x=40, c=0, x=10, c=0, x=23, c=5, x=34, c=1, x=9, c=3, x=18, c=5, 
1153, -1.911906, x=24, c=1, x=4, c=4, x=19, c=1, x=20, c=1, x=22, c=1, 
1154, -1.923122, x=20, c=1, x=15, c=5, x=22, c=0, 
1155, -1.869202, x=23, c=3, x=8, c=1, x=26, c=5, x=11, c=1, x=38, c=5, 
1156, -2.115106, x=5, c=4, x=14, c=1, x=19, c=3, x=11, c=4, 
1157, -2.064323, x=37, c=4, x=6, c=5, x=10, c=1, x=17, c=0, 
1158, -1.910361, x=35, c=3, x=8, c=4, x=8, c=2, x=33, c=3, 
1159, -1.952163, x=32, c=1, x=6, c=4, x=25, c=3, x=9, c=1, x=6, c=4, x=3, c=4, 
1160, -2.053993, x=30, c=3, x=40, c=0, x=39, c=1, 
1161, -1.956815, x=16, c=1, x=36, c=5, x=29, c=4, x=40, c=2, 
1162, -1.908571, x=7, c=5, x=18, c=5, x=40, c=5, x=6, c=5, x=32, c=4, 
1163, -1.818553, x=40, c=0, x=30, c=1, x=1, c=1, 
1164, -1.972949, x=26, c=5, x=11, c=0, x=28, c=5, x=19, c=5, 
1165, -2.118666, x=27, c=1, x=30, c=5, x=9, c=0, x=5, c=5, 
1166, -1.924701, x=8, c=3, x=29, c=1, x=37, c=5, x=3, c=4, x=7, c=1, x=40, c=5, 
1167, -1.892174, x=4, c=4, x=31, c=4, x=39, c=0, x=4, c=0, x=32, c=0, 
1168, -1.814808, x=19, c=1, x=35, c=5, x=34, c=0, x=28, c=1, 
1169, -1.896075, x=22, c=5, x=15, c=3, x=40, c=1, x=27, c=0, x=11, c=5, 
1170, -1.853595, x=29, c=0, x=21, c=4, x=10, c=3, x=4, c=4, x=7, c=5, x=15, c=4, x=37, c=3, 
1171, -1.873691, x=34, c=3, x=36, c=0, x=3, c=0, x=6, c=0, x=10, c=3, 
1172, -1.930578, x=34, c=4, x=32, c=2, x=24, c=3, x=2, c=3, x=11, c=1, 
1173, -1.934842, x=17, c=4, x=34, c=3, x=19, c=0, x=40, c=5, x=8, c=0, 
1174, -1.865532, x=3, c=5, x=30, c=2, x=4, c=3, x=5, c=1, x=37, c=4, x=5, c=5, 
1175, -1.804073, x=34, c=1, x=2, c=0, x=5, c=2, 
1176, -1.833207, x=3, c=4, x=4, c=1, x=10, c=4, 
1177, -1.969887, x=27, c=4, x=31, c=0, x=11, c=1, 
1178, -1.895645, x=28, c=2, x=2, c=1, x=10, c=5, x=30, c=4, 
1179, -1.855841, x=9, c=1, x=15, c=5, x=19, c=4, x=16, c=1, x=38, c=4, 
1180, -1.932881, x=36, c=4, x=13, c=5, x=10, c=4, x=40, c=3, x=3, c=1, x=2, c=3, 
1181, -1.925302, x=40, c=4, x=16, c=5, x=17, c=0, x=21, c=4, x=40, c=2, 
1182, -1.857664, x=27, c=4, x=40, c=5, x=16, c=2, 
1183, -2.001634, x=11, c=5, x=18, c=1, x=37, c=1, x=7, c=3, 
1184, -1.761886, x=33, c=3, x=39, c=2, x=35, c=0, x=26, c=5, 
1185, -1.895844, x=3, c=3, x=23, c=2, x=2, c=0, x=34, c=0, x=20, c=4, 
1186, -1.867240, x=1, c=1, x=38, c=1, x=3, c=3, x=9, c=5, x=18, c=0, 
1187, -1.874357, x=15, c=2, x=39, c=5, 
1188, -1.959106, x=15, c=0, x=15, c=4, x=6, c=3, x=35, c=2, x=5, c=4, x=17, c=5, 
1189, -1.781284, x=36, c=3, x=40, c=2, x=15, c=3, x=38, c=2, x=5, c=3, 
1190, -1.898573, x=20, c=3, x=35, c=2, x=26, c=4, x=15, c=1, x=3, c=4, x=36, c=4, 
1191, -1.920666, x=16, c=3, x=32, c=2, x=14, c=1, x=40, c=4, x=3, c=4, 
1192, -1.874270, x=38, c=0, x=10, c=1, x=18, c=4, x=39, c=3, x=15, c=5, 
1193, -1.987548, x=17, c=1, x=1, c=0, x=19, c=1, 
1194, -1.979437, x=34, c=4, x=28, c=2, x=13, c=4, x=4, c=3, x=1, c=4, x=15, c=3, x=9, c=4, 
1195, -2.014990, x=31, c=5, x=33, c=0, x=13, c=1, 
1196, -1.920925, x=22, c=0, x=26, c=0, x=4, c=1, x=14, c=3, 
1197, -1.882166, x=9, c=4, x=3, c=1, x=24, c=4, x=17, c=5, x=21, c=3, 
1198, -1.831930, x=16, c=4, x=25, c=5, x=18, c=2, 
1199, -1.978415, x=20, c=1, x=8, c=0, x=4, c=0, x=31, c=0, 
1200, -1.761092, x=33, c=2, x=6, c=0, x=22, c=5, x=7, c=3, x=39, c=3, 
2016-02-20T15:53:48-05:00
Success: process exited with code 0.
